Order_ID,Supplier_ID,Product_Category,Order_Date,Shipping_Mode,Order_Value_USD,Delay_Days,Disruption_Type,Disruption_Severity,Historical_Disruption_Count,Supplier_Reliability_Score,Energy_Consumption_Joules,Supply_Risk_Flag
O1000,S23,Textiles,24-10-2023,Rail,36273.99,0,None,None,11,0.73,236.06,0
O1001,S20,Machinery,07-07-2023,Road,34780.36,0,None,None,1,0.88,257.8,0
O1002,S10,Food,28-12-2023,Rail,7154.54,7,Shortage,Low,19,0.95,165.38,1
O1003,S10,Machinery,14-01-2023,Rail,15320.08,0,None,None,17,0.92,377.47,0
O1004,S4,Machinery,12-01-2023,Road,18256.42,0,None,None,5,0.6,83.1,0
O1005,S11,Pharma,28-03-2023,Rail,40319.64,0,None,None,9,0.72,150.24,0
O1006,S30,Food,12-01-2023,Road,14298.61,0,None,None,19,0.6,386.85,0
O1007,S30,Food,25-01-2023,Air,10929.9,0,None,None,14,0.63,246.71,0
O1008,S24,Food,28-10-2023,Sea,47893.68,0,None,None,4,0.75,367.38,0
O1009,S13,Machinery,31-08-2023,Sea,938.73,1,Shortage,High,19,0.53,305.37,1
O1010,S25,Textiles,02-05-2023,Rail,49892.13,0,None,None,2,0.61,477.82,0
O1011,S14,Food,27-05-2023,Rail,34002.65,0,None,None,4,0.97,319.01,0
O1012,S3,Machinery,24-02-2023,Rail,41509.23,0,None,None,7,0.73,56.69,0
O1013,S8,Pharma,26-08-2023,Sea,15083.66,1,Weather,Low,7,0.72,208.79,1
O1014,S5,Textiles,22-12-2023,Air,1208.61,7,Customs,Low,7,0.51,114.38,1
O1015,S9,Pharma,22-06-2023,Air,37024.54,0,None,None,11,0.62,466.09,0
O1016,S27,Textiles,09-08-2023,Sea,41790.16,1,Customs,Low,7,0.93,96.81,1
O1017,S16,Machinery,29-04-2023,Air,37153.57,0,None,None,10,0.58,224.47,0
O1018,S8,Electronics,05-11-2023,Sea,7571.09,2,Customs,Low,13,0.71,151.74,1
O1019,S18,Textiles,02-07-2023,Air,37794.68,5,Customs,Medium,7,0.51,431.02,1
O1020,S24,Pharma,15-10-2023,Road,38561.68,10,Strike,High,9,0.74,188.85,1
O1021,S9,Machinery,03-11-2023,Road,33097.76,0,None,None,6,0.51,496.35,0
O1022,S21,Textiles,27-10-2023,Sea,38422.74,2,Weather,Low,16,0.91,67.38,1
O1023,S12,Electronics,23-03-2023,Air,42373.11,7,Customs,Low,3,0.91,107.72,1
O1024,S21,Electronics,30-07-2023,Rail,30873.4,1,Strike,Low,12,0.89,151.09,1
O1025,S7,Food,30-05-2023,Air,4885.93,3,Strike,Low,3,0.64,415,1
O1026,S23,Food,06-02-2023,Road,24637.58,3,Strike,Low,4,0.92,445.33,1
O1027,S10,Pharma,18-12-2023,Road,4343.64,0,None,None,3,0.77,82.15,0
O1028,S7,Textiles,08-11-2023,Air,20673.38,2,Strike,Low,17,0.69,64.61,1
O1029,S16,Textiles,27-12-2023,Air,20651.77,7,Shortage,High,5,0.81,385.05,1
O1030,S3,Food,28-02-2023,Rail,3767.49,7,Strike,Low,1,0.51,110.01,1
O1031,S16,Textiles,11-05-2023,Rail,17766.62,1,Customs,Low,10,0.57,109.85,1
O1032,S11,Textiles,21-07-2023,Air,5994.41,2,Customs,High,13,0.87,60.06,1
O1033,S2,Electronics,31-08-2023,Air,40507.64,0,None,None,4,0.62,72.41,0
O1034,S20,Food,04-02-2023,Air,47410.56,0,None,None,5,0.8,168.65,0
O1035,S16,Machinery,03-04-2023,Air,4079.67,0,None,None,9,0.69,79.25,0
O1036,S17,Food,26-07-2023,Sea,47778.2,1,Customs,Low,7,0.93,216,1
O1037,S6,Machinery,19-12-2023,Air,26367.54,1,Customs,Medium,13,0.98,424.75,1
O1038,S12,Electronics,28-11-2023,Rail,15328.5,0,None,None,2,0.94,196.84,0
O1039,S27,Pharma,01-11-2023,Road,4304.67,1,Strike,High,11,0.64,377.53,1
O1040,S14,Textiles,16-12-2023,Sea,25280.9,10,Weather,Low,15,0.6,92.26,1
O1041,S7,Electronics,01-08-2023,Air,39828.52,3,Shortage,High,16,0.74,346.72,1
O1042,S20,Textiles,08-06-2023,Road,35500.78,0,None,None,0,0.5,192.54,0
O1043,S5,Pharma,24-01-2023,Sea,2986.19,2,Shortage,Low,9,0.51,387.39,1
O1044,S1,Pharma,20-10-2023,Road,4108.64,0,None,None,9,0.78,111.31,0
O1045,S16,Electronics,04-01-2023,Air,20442.23,2,Weather,Low,1,0.76,454.05,1
O1046,S1,Pharma,08-08-2023,Air,15116.88,0,None,None,8,1,159.16,0
O1047,S15,Machinery,30-12-2023,Rail,12003.02,3,Strike,Low,12,0.6,208.91,1
O1048,S18,Pharma,20-01-2023,Air,14409.72,1,Shortage,Medium,15,0.63,477.58,1
O1049,S3,Textiles,01-06-2023,Air,40272.4,3,Strike,Low,17,0.56,310.32,1
O1050,S2,Textiles,19-02-2023,Sea,46496.79,0,None,None,18,0.96,214.6,0
O1051,S7,Textiles,26-06-2023,Rail,20552.58,0,None,None,11,0.89,477.32,0
O1052,S9,Textiles,06-04-2023,Sea,45352.49,3,Shortage,Low,7,0.91,198.08,1
O1053,S4,Machinery,15-04-2023,Road,16414.04,1,Strike,Low,16,0.95,92.69,1
O1054,S17,Food,07-09-2023,Air,24083.63,1,Shortage,Low,14,0.76,498.58,1
O1055,S30,Electronics,27-04-2023,Road,11688.44,10,Weather,High,9,0.73,170.53,1
O1056,S21,Textiles,20-12-2023,Sea,32203.56,10,Weather,High,14,0.67,433.07,1
O1057,S5,Pharma,16-08-2023,Air,48959.57,5,Weather,Medium,14,0.79,124.49,1
O1058,S1,Textiles,07-03-2023,Air,30372.91,1,Shortage,Medium,6,0.73,379.11,1
O1059,S29,Pharma,01-12-2023,Sea,18211.8,3,Shortage,Low,12,0.73,286,1
O1060,S13,Pharma,19-09-2023,Sea,32566.96,3,Weather,Low,16,0.97,491.41,1
O1061,S8,Textiles,22-10-2023,Sea,6584.57,2,Shortage,Medium,8,0.99,298.77,1
O1062,S8,Machinery,31-08-2023,Sea,44488.62,0,None,None,7,0.9,61.26,0
O1063,S2,Pharma,05-07-2023,Sea,25402.66,1,Weather,High,19,0.88,321.75,1
O1064,S5,Pharma,03-09-2023,Air,22742.81,5,Shortage,High,17,0.84,115.39,1
O1065,S4,Textiles,05-05-2023,Sea,29500.31,2,Strike,Low,12,0.58,409.34,1
O1066,S13,Pharma,25-09-2023,Air,31426.8,2,Strike,Low,15,0.53,435.46,1
O1067,S12,Pharma,11-05-2023,Air,4052.9,0,None,None,8,0.85,266.94,0
O1068,S29,Textiles,25-08-2023,Sea,34289.55,2,Customs,Low,11,0.86,402.45,1
O1069,S26,Textiles,18-01-2023,Sea,12475.62,0,None,None,11,0.52,115.3,0
O1070,S12,Electronics,09-02-2023,Rail,35840.66,5,Shortage,Medium,5,0.96,271.44,1
O1071,S23,Machinery,21-01-2023,Air,41215.47,10,Weather,Medium,18,0.55,227.27,1
O1072,S10,Machinery,13-08-2023,Sea,40295.95,2,Customs,Low,6,0.64,325.09,1
O1073,S27,Pharma,21-12-2023,Sea,27848.8,5,Customs,Medium,2,0.84,70.01,1
O1074,S2,Machinery,09-10-2023,Sea,26248.41,10,Customs,Medium,15,0.58,388.46,1
O1075,S28,Pharma,08-01-2023,Rail,7572.36,3,Weather,Low,17,0.53,85.61,1
O1076,S18,Electronics,10-04-2023,Rail,38879.63,10,Shortage,Low,15,0.67,345.41,1
O1077,S14,Textiles,28-08-2023,Road,13934.76,1,Weather,Medium,6,0.88,58.31,1
O1078,S24,Textiles,28-03-2023,Air,25086.42,0,None,None,3,0.71,424.35,0
O1079,S14,Textiles,25-10-2023,Road,14571.57,0,None,None,7,0.83,128.61,0
O1080,S14,Machinery,14-01-2023,Sea,7124.5,1,Customs,Low,12,0.79,281.97,1
O1081,S8,Electronics,30-11-2023,Rail,31663.11,0,None,None,12,0.51,167.67,0
O1082,S15,Machinery,02-01-2023,Rail,3189.44,3,Weather,Low,16,0.99,375.19,1
O1083,S10,Machinery,20-10-2023,Road,37557.94,0,None,None,16,0.52,194.61,0
O1084,S2,Electronics,21-11-2023,Rail,16220.55,2,Strike,High,4,0.98,376.07,1
O1085,S2,Electronics,10-02-2023,Sea,506.67,0,None,None,5,0.77,178.19,0
O1086,S7,Electronics,14-11-2023,Rail,25800.89,1,Customs,High,18,0.98,388.61,1
O1087,S14,Electronics,12-11-2023,Road,2819.17,0,None,None,12,0.56,63.77,0
O1088,S5,Textiles,21-04-2023,Sea,14170.39,5,Customs,Medium,13,0.75,177.49,1
O1089,S29,Food,14-01-2023,Road,35495.34,0,None,None,3,0.58,274.39,0
O1090,S1,Food,19-08-2023,Rail,3603.14,3,Shortage,Low,6,0.53,70.28,1
O1091,S22,Electronics,25-03-2023,Road,42047.26,0,None,None,7,0.81,133.72,0
O1092,S13,Food,10-05-2023,Road,689.09,0,None,None,12,0.6,470.54,0
O1093,S18,Food,19-08-2023,Air,12717.78,0,None,None,5,0.79,489.58,0
O1094,S24,Electronics,22-11-2023,Rail,37174.75,3,Customs,Low,5,0.56,382.89,1
O1095,S25,Food,25-05-2023,Rail,16155.37,0,None,None,2,0.67,163.49,0
O1096,S30,Machinery,11-12-2023,Road,5543.67,1,Weather,Low,2,0.89,167.23,1
O1097,S10,Pharma,28-01-2023,Air,18331.58,0,None,None,12,0.72,340.61,0
O1098,S12,Pharma,07-03-2023,Rail,13884.47,2,Strike,Low,1,0.81,102.92,1
O1099,S30,Electronics,12-06-2023,Sea,42214.24,0,None,None,15,0.82,476.74,0
O1100,S23,Textiles,17-08-2023,Road,16010.72,0,None,None,5,0.92,151.17,0
O1101,S17,Electronics,18-09-2023,Rail,39552.16,1,Weather,Medium,7,0.66,499.84,1
O1102,S23,Textiles,13-06-2023,Sea,44647.67,3,Customs,High,7,0.84,273.08,1
O1103,S17,Pharma,28-10-2023,Rail,21973.96,7,Strike,Medium,5,0.98,397.14,1
O1104,S10,Electronics,30-10-2023,Sea,45542.19,10,Shortage,High,13,0.87,50.98,1
O1105,S26,Machinery,14-10-2023,Road,19177.24,5,Weather,Low,2,0.74,449.94,1
O1106,S22,Food,10-01-2023,Rail,48221.88,3,Shortage,Low,9,0.82,171.5,1
O1107,S17,Textiles,14-07-2023,Rail,4919.83,1,Strike,Low,2,0.87,350.57,1
O1108,S15,Food,28-04-2023,Air,34507.45,0,None,None,11,0.81,412.86,0
O1109,S16,Food,27-09-2023,Road,24943.8,0,None,None,16,0.51,123.87,0
O1110,S26,Electronics,21-03-2023,Sea,19688.62,0,None,None,4,0.6,249.13,0
O1111,S15,Food,03-04-2023,Rail,31819.24,0,None,None,19,0.91,272.23,0
O1112,S9,Machinery,23-09-2023,Rail,35340.93,0,None,None,8,0.64,190.45,0
O1113,S1,Food,28-11-2023,Sea,715.98,1,Weather,Medium,19,0.87,266.79,1
O1114,S28,Electronics,16-12-2023,Road,8764.18,0,None,None,6,0.69,192.9,0
O1115,S22,Machinery,27-12-2023,Air,35795.78,0,None,None,3,0.76,212.34,0
O1116,S26,Pharma,14-09-2023,Air,33486.08,10,Shortage,Low,12,0.53,351.2,1
O1117,S13,Food,13-05-2023,Rail,48319.35,1,Weather,High,12,0.59,334.67,1
O1118,S18,Electronics,03-10-2023,Sea,38171.37,2,Shortage,High,9,0.98,154.52,1
O1119,S13,Pharma,21-09-2023,Rail,47563.25,0,None,None,17,0.95,453.87,0
O1120,S12,Pharma,20-06-2023,Sea,35275.75,10,Weather,Medium,16,0.83,438.25,1
O1121,S3,Textiles,01-01-2023,Air,15253.58,0,None,None,19,0.73,279.09,0
O1122,S13,Machinery,09-11-2023,Road,5715.56,2,Shortage,Medium,19,0.84,244.96,1
O1123,S11,Food,05-03-2023,Sea,39200.28,0,None,None,12,0.81,219.59,0
O1124,S8,Electronics,11-10-2023,Air,32385.39,0,None,None,16,0.78,368.27,0
O1125,S22,Textiles,01-05-2023,Rail,2885.21,10,Weather,High,3,0.53,352.25,1
O1126,S16,Machinery,17-04-2023,Sea,18322.5,2,Strike,Medium,0,0.82,138.28,1
O1127,S3,Textiles,24-06-2023,Road,47861.59,1,Strike,Low,0,0.88,352.16,1
O1128,S13,Machinery,23-07-2023,Rail,25269.86,0,None,None,14,1,163.59,0
O1129,S17,Machinery,14-06-2023,Rail,21920.09,0,None,None,12,0.51,58.35,0
O1130,S18,Food,01-11-2023,Air,23156.13,0,None,None,16,0.87,364.64,0
O1131,S5,Machinery,30-04-2023,Sea,10839.69,2,Shortage,Medium,7,0.79,340.16,1
O1132,S23,Textiles,13-02-2023,Rail,18751,3,Strike,Low,17,0.72,234.86,1
O1133,S16,Machinery,08-11-2023,Road,18805.76,0,None,None,12,0.56,286.56,0
O1134,S8,Food,05-06-2023,Sea,3091.57,0,None,None,13,0.7,476.23,0
O1135,S1,Food,26-07-2023,Road,38494.6,0,None,None,7,0.68,317.84,0
O1136,S22,Textiles,18-04-2023,Rail,21116.97,3,Weather,High,7,0.65,346.05,1
O1137,S30,Pharma,08-09-2023,Road,41197.9,3,Strike,High,14,0.87,78.76,1
O1138,S20,Pharma,30-11-2023,Air,42592.23,0,None,None,12,0.85,124.7,0
O1139,S19,Machinery,10-05-2023,Road,10993.71,2,Strike,Low,6,0.79,185.43,1
O1140,S3,Electronics,20-10-2023,Sea,33039,0,None,None,4,0.97,292.72,0
O1141,S22,Machinery,20-01-2023,Road,23877.95,0,None,None,16,0.67,399.47,0
O1142,S23,Textiles,09-10-2023,Road,44067.76,0,None,None,15,0.62,194.56,0
O1143,S7,Textiles,12-10-2023,Air,11179.16,1,Shortage,Medium,1,0.83,210.37,1
O1144,S24,Textiles,01-01-2023,Road,34051.75,2,Shortage,Medium,17,0.6,165.27,1
O1145,S19,Textiles,29-04-2023,Road,30583.73,0,None,None,16,0.66,164.57,0
O1146,S8,Textiles,04-02-2023,Rail,15117.42,5,Weather,Low,6,0.61,476.99,1
O1147,S11,Food,17-07-2023,Rail,7261.74,1,Shortage,High,12,0.53,335.96,1
O1148,S8,Pharma,02-09-2023,Sea,32756.17,1,Shortage,Low,17,0.91,120.16,1
O1149,S11,Textiles,28-02-2023,Rail,37060.57,0,None,None,13,0.63,375.01,0
O1150,S25,Electronics,21-11-2023,Rail,16123.55,10,Strike,Medium,17,0.74,374.91,1
O1151,S30,Electronics,10-06-2023,Rail,32419.21,0,None,None,12,0.52,349.91,0
O1152,S25,Electronics,28-06-2023,Rail,20058.98,0,None,None,10,0.85,110.62,0
O1153,S11,Electronics,25-07-2023,Air,35803.74,1,Customs,Low,15,0.67,233.6,1
O1154,S13,Food,12-01-2023,Rail,10361.16,3,Shortage,Medium,16,0.87,98.04,1
O1155,S21,Electronics,03-10-2023,Air,44565.64,1,Shortage,Low,7,0.71,417.48,1
O1156,S6,Textiles,30-06-2023,Air,14726.78,1,Strike,Low,18,0.6,344.83,1
O1157,S14,Machinery,30-08-2023,Rail,18705.41,0,None,None,19,0.76,278.24,0
O1158,S21,Electronics,04-08-2023,Road,3375.55,5,Customs,High,14,0.57,204.36,1
O1159,S17,Food,08-09-2023,Air,6019.85,2,Shortage,Medium,8,0.72,132.91,1
O1160,S29,Food,26-10-2023,Road,26035.16,3,Strike,High,19,0.66,97.9,1
O1161,S16,Electronics,06-05-2023,Road,13745.84,1,Strike,High,9,0.96,486.16,1
O1162,S6,Machinery,05-08-2023,Rail,41856.27,2,Weather,Medium,11,0.53,139.84,1
O1163,S4,Electronics,02-11-2023,Sea,1227.32,7,Shortage,Low,19,0.85,76.94,1
O1164,S4,Food,12-10-2023,Rail,19265.16,1,Shortage,High,0,0.59,482.75,1
O1165,S3,Pharma,04-07-2023,Sea,17198.6,0,None,None,19,0.66,297.03,0
O1166,S23,Textiles,08-02-2023,Sea,1456.72,3,Customs,High,8,0.71,408.5,1
O1167,S12,Food,11-08-2023,Rail,6656.24,0,None,None,14,0.95,69.69,0
O1168,S4,Electronics,03-07-2023,Rail,20975.31,5,Customs,Medium,0,0.62,305.13,1
O1169,S25,Textiles,27-06-2023,Sea,24896.8,1,Weather,High,11,0.55,229.19,1
O1170,S7,Electronics,21-10-2023,Rail,20512.34,0,None,None,2,0.66,397.38,0
O1171,S6,Electronics,06-12-2023,Sea,26781.42,2,Shortage,Low,10,0.55,67.29,1
O1172,S9,Pharma,31-05-2023,Road,29959.02,0,None,None,1,0.56,230.76,0
O1173,S12,Textiles,06-05-2023,Rail,991.23,0,None,None,15,0.79,409.58,0
O1174,S8,Textiles,28-10-2023,Road,23472.71,0,None,None,8,0.53,285.21,0
O1175,S12,Pharma,04-11-2023,Air,48193.21,0,None,None,14,0.52,297.52,0
O1176,S20,Food,02-12-2023,Road,26192.1,0,None,None,11,0.86,93.72,0
O1177,S4,Electronics,22-08-2023,Road,34038.34,0,None,None,0,0.68,109.55,0
O1178,S5,Machinery,08-01-2023,Sea,15937.26,0,None,None,12,0.56,354.65,0
O1179,S16,Electronics,07-12-2023,Road,38812.57,1,Shortage,High,13,0.63,353.77,1
O1180,S21,Electronics,09-05-2023,Rail,38759.61,7,Strike,Low,7,0.82,490.6,1
O1181,S8,Food,21-09-2023,Sea,26304.15,1,Weather,Medium,7,0.64,370.38,1
O1182,S30,Electronics,06-06-2023,Air,48812.68,10,Weather,Medium,11,0.75,271.96,1
O1183,S29,Pharma,18-12-2023,Rail,6714.74,0,None,None,0,0.56,435.8,0
O1184,S10,Pharma,24-12-2023,Air,1338.91,0,None,None,10,0.79,97.01,0
O1185,S28,Textiles,05-01-2023,Road,38622.83,10,Customs,High,7,0.66,252.18,1
O1186,S3,Machinery,27-03-2023,Rail,40454.2,0,None,None,9,0.81,179.2,0
O1187,S16,Electronics,24-06-2023,Rail,6450.26,2,Strike,Low,18,0.9,97.09,1
O1188,S15,Electronics,17-10-2023,Air,13646.35,1,Shortage,High,10,0.81,393.58,1
O1189,S24,Food,12-07-2023,Rail,1368.84,3,Weather,Low,6,0.65,279.86,1
O1190,S1,Pharma,07-11-2023,Rail,15018.78,5,Customs,Medium,10,0.63,300.55,1
O1191,S11,Machinery,29-04-2023,Rail,38770.52,0,None,None,16,0.66,235.06,0
O1192,S26,Textiles,06-08-2023,Road,26139.05,10,Customs,Low,0,0.58,257.15,1
O1193,S1,Pharma,24-04-2023,Air,17730.73,0,None,None,7,0.59,102.21,0
O1194,S1,Textiles,25-05-2023,Rail,18901.1,0,None,None,5,0.9,352.81,0
O1195,S28,Food,26-01-2023,Sea,567,0,None,None,17,0.69,244.6,0
O1196,S25,Food,16-05-2023,Sea,15340.13,0,None,None,5,0.72,417.55,0
O1197,S24,Electronics,30-10-2023,Sea,32499.71,5,Weather,Medium,4,0.8,138.33,1
O1198,S14,Machinery,20-08-2023,Sea,48722.62,10,Customs,Low,12,0.79,142.27,1
O1199,S10,Textiles,17-03-2023,Road,42429.51,0,None,None,18,0.53,340.59,0
O1200,S8,Pharma,24-11-2023,Rail,1667.95,10,Customs,High,7,0.92,430.7,1
O1201,S4,Food,11-12-2023,Air,44978.75,2,Shortage,Medium,8,0.59,262.49,1
O1202,S19,Electronics,29-10-2023,Rail,39268.32,5,Customs,Low,16,0.86,377.13,1
O1203,S30,Electronics,16-10-2023,Road,39128.62,0,None,None,2,0.89,499.7,0
O1204,S29,Textiles,01-01-2023,Sea,23170.79,10,Customs,High,18,0.86,495.62,1
O1205,S16,Food,27-05-2023,Road,20201.26,0,None,None,10,0.79,384.95,0
O1206,S13,Machinery,14-10-2023,Rail,15494.33,0,None,None,16,0.51,382.81,0
O1207,S3,Food,22-05-2023,Air,3751.9,2,Strike,Medium,18,0.68,161.43,1
O1208,S1,Textiles,22-02-2023,Road,11797.65,0,None,None,1,0.8,425.09,0
O1209,S26,Textiles,31-10-2023,Air,12706.88,0,None,None,7,0.69,232.3,0
O1210,S5,Food,10-03-2023,Road,24461.81,3,Weather,Medium,18,0.93,482.9,1
O1211,S9,Textiles,27-12-2023,Air,37498.5,0,None,None,6,0.65,86.64,0
O1212,S3,Food,31-03-2023,Air,23953.59,0,None,None,16,0.65,246.13,0
O1213,S20,Pharma,08-08-2023,Sea,3363.3,2,Customs,Medium,5,0.63,300.13,1
O1214,S3,Food,11-07-2023,Air,47910.6,3,Customs,Low,18,0.67,232.32,1
O1215,S5,Food,04-03-2023,Sea,47164.85,7,Shortage,Medium,5,0.78,144.76,1
O1216,S29,Textiles,14-03-2023,Rail,39366.88,1,Shortage,High,1,0.85,316.84,1
O1217,S17,Textiles,10-06-2023,Rail,49570.73,3,Shortage,Medium,5,0.83,390.16,1
O1218,S27,Electronics,18-06-2023,Sea,27451.88,0,None,None,4,0.9,340.18,0
O1219,S15,Electronics,30-03-2023,Sea,48157.03,0,None,None,18,0.94,155.5,0
O1220,S28,Pharma,25-06-2023,Road,4242.45,3,Strike,Medium,19,0.91,379.22,1
O1221,S3,Electronics,26-09-2023,Road,18601.2,0,None,None,3,0.51,165.6,0
O1222,S25,Food,14-03-2023,Road,11656.37,1,Weather,High,16,0.87,128.84,1
O1223,S13,Textiles,02-09-2023,Rail,10193.74,2,Strike,High,10,0.6,360.8,1
O1224,S1,Electronics,18-03-2023,Road,7469.75,2,Customs,Low,3,0.57,429.25,1
O1225,S19,Electronics,08-06-2023,Air,31309.48,0,None,None,12,0.82,266.69,0
O1226,S26,Pharma,20-11-2023,Air,39175.43,3,Customs,Medium,19,0.66,289.13,1
O1227,S21,Pharma,08-04-2023,Road,29125.77,2,Strike,Medium,16,0.53,186.24,1
O1228,S22,Food,12-04-2023,Air,7774.65,3,Strike,Low,8,0.57,272.58,1
O1229,S20,Textiles,12-05-2023,Rail,40650.63,0,None,None,3,0.5,109.39,0
O1230,S24,Pharma,12-04-2023,Air,31979.76,1,Shortage,High,13,0.95,480.12,1
O1231,S11,Electronics,19-01-2023,Rail,19714.2,0,None,None,18,0.51,410.16,0
O1232,S7,Textiles,23-03-2023,Sea,33869.45,10,Customs,Medium,2,0.6,350.59,1
O1233,S7,Textiles,06-10-2023,Sea,13365.3,0,None,None,13,0.71,292.19,0
O1234,S25,Electronics,05-12-2023,Sea,17587.01,0,None,None,7,0.68,406.48,0
O1235,S23,Pharma,31-12-2023,Sea,45915.55,2,Strike,Medium,0,0.96,272.64,1
O1236,S24,Electronics,27-11-2023,Air,14879.97,0,None,None,9,0.52,184.99,0
O1237,S9,Textiles,09-05-2023,Road,23764.42,0,None,None,17,0.76,122.17,0
O1238,S23,Machinery,10-12-2023,Air,44561.99,0,None,None,15,0.84,341.41,0
O1239,S18,Machinery,06-11-2023,Rail,35532.21,0,None,None,7,0.97,468.24,0
O1240,S12,Food,30-03-2023,Air,3579.06,0,None,None,0,0.81,119.13,0
O1241,S10,Electronics,01-08-2023,Air,7791.5,0,None,None,11,0.9,131.01,0
O1242,S26,Electronics,23-05-2023,Rail,888.16,0,None,None,7,0.54,245.12,0
O1243,S1,Food,06-03-2023,Sea,31730.63,0,None,None,15,0.69,413.1,0
O1244,S15,Food,17-03-2023,Sea,22659.83,3,Weather,Low,17,0.69,182.27,1
O1245,S29,Food,18-07-2023,Sea,7146.61,0,None,None,3,0.94,164.26,0
O1246,S24,Textiles,23-05-2023,Road,47917.74,10,Customs,Low,5,0.58,328.98,1
O1247,S18,Electronics,12-11-2023,Rail,26718.16,3,Shortage,Medium,11,0.58,291.03,1
O1248,S21,Textiles,03-04-2023,Rail,12473.72,0,None,None,8,0.66,77.1,0
O1249,S10,Food,01-11-2023,Air,25279.88,0,None,None,14,0.53,86.67,0
O1250,S29,Electronics,12-08-2023,Road,34141.21,0,None,None,15,0.59,339.36,0
O1251,S24,Textiles,18-10-2023,Sea,4273.84,10,Weather,Low,11,0.98,259.31,1
O1252,S23,Textiles,12-04-2023,Road,14097.84,1,Weather,Low,13,0.71,486.94,1
O1253,S25,Food,24-09-2023,Rail,40444.79,1,Shortage,Medium,12,0.82,355.34,1
O1254,S19,Electronics,21-12-2023,Rail,23253.41,5,Weather,Medium,1,0.86,54.53,1
O1255,S29,Food,20-04-2023,Air,27555.57,0,None,None,2,0.68,266.46,0
O1256,S23,Electronics,26-11-2023,Air,21924.39,0,None,None,9,0.57,236.5,0
O1257,S24,Machinery,22-09-2023,Rail,2673.05,5,Customs,Low,8,0.6,98.02,1
O1258,S10,Pharma,03-01-2023,Sea,8704.61,0,None,None,19,0.66,465.44,0
O1259,S29,Pharma,26-03-2023,Sea,22554.31,0,None,None,7,0.82,412.26,0
O1260,S25,Pharma,09-10-2023,Road,10854.68,3,Customs,Low,9,0.7,153.54,1
O1261,S30,Food,24-11-2023,Rail,2973.96,0,None,None,18,0.5,165.19,0
O1262,S10,Machinery,31-10-2023,Rail,42260.66,7,Customs,Medium,2,0.76,64.41,1
O1263,S27,Electronics,27-04-2023,Sea,49069.03,3,Customs,Low,4,0.96,183.52,1
O1264,S25,Textiles,09-08-2023,Sea,39760.57,2,Shortage,Medium,2,0.91,313.08,1
O1265,S6,Electronics,03-06-2023,Rail,42762.35,0,None,None,15,0.91,239.38,0
O1266,S27,Textiles,02-06-2023,Air,12477.87,0,None,None,16,0.9,486.16,0
O1267,S13,Electronics,12-01-2023,Rail,48051.04,0,None,None,14,0.66,75.24,0
O1268,S22,Machinery,13-05-2023,Rail,10247.82,0,None,None,2,0.88,316.14,0
O1269,S24,Textiles,31-10-2023,Sea,47595.78,10,Weather,Medium,11,0.57,436.24,1
O1270,S30,Food,20-10-2023,Sea,49743.56,0,None,None,8,0.83,266.33,0
O1271,S7,Electronics,27-10-2023,Air,35730.28,0,None,None,11,0.82,51.33,0
O1272,S29,Electronics,16-08-2023,Air,49066.61,0,None,None,14,0.51,159.26,0
O1273,S30,Textiles,28-09-2023,Road,28692.22,0,None,None,1,0.89,195.7,0
O1274,S23,Food,12-02-2023,Rail,13347.32,10,Strike,Low,17,0.95,484.7,1
O1275,S22,Food,09-12-2023,Sea,22131.3,2,Customs,High,19,0.63,460.3,1
O1276,S8,Machinery,22-11-2023,Air,29881.27,0,None,None,11,0.91,477.13,0
O1277,S24,Food,29-10-2023,Road,4117.54,0,None,None,3,0.54,421.59,0
O1278,S16,Food,30-12-2023,Road,31305.99,1,Strike,Medium,15,0.8,208.24,1
O1279,S26,Food,21-01-2023,Sea,49068.3,2,Strike,Low,15,0.74,457.64,1
O1280,S30,Pharma,17-04-2023,Sea,9910.33,10,Shortage,Medium,0,0.77,491.76,1
O1281,S29,Machinery,02-12-2023,Road,39733.46,3,Shortage,Low,1,0.96,207.53,1
O1282,S2,Electronics,30-10-2023,Air,45440.99,2,Weather,Low,2,0.94,167.25,1
O1283,S9,Textiles,27-04-2023,Road,47213.23,5,Strike,High,19,0.89,296.11,1
O1284,S14,Electronics,04-05-2023,Rail,48026.71,0,None,None,16,0.64,134.22,0
O1285,S20,Machinery,08-10-2023,Rail,26312.25,3,Weather,Medium,19,0.96,64.68,1
O1286,S6,Textiles,19-10-2023,Sea,48876.74,0,None,None,0,0.55,475.62,0
O1287,S19,Machinery,22-07-2023,Air,37986.86,0,None,None,19,0.93,466.58,0
O1288,S7,Food,20-02-2023,Air,8502.74,0,None,None,5,0.66,123.19,0
O1289,S22,Textiles,28-09-2023,Rail,24106.56,0,None,None,14,0.53,233.48,0
O1290,S17,Food,20-11-2023,Road,36057.39,2,Customs,Medium,13,0.83,423.97,1
O1291,S29,Electronics,04-10-2023,Sea,12743.35,5,Shortage,Low,19,0.62,347.45,1
O1292,S17,Electronics,21-05-2023,Road,32210.45,2,Customs,Medium,14,0.62,227.65,1
O1293,S16,Textiles,02-10-2023,Road,33496.72,0,None,None,13,0.65,384.88,0
O1294,S12,Textiles,17-10-2023,Road,8553.64,0,None,None,4,0.53,453.67,0
O1295,S16,Machinery,30-11-2023,Air,28471.72,0,None,None,5,0.59,466.77,0
O1296,S9,Machinery,21-02-2023,Rail,38695.53,1,Shortage,Medium,16,0.5,220.48,1
O1297,S28,Food,27-01-2023,Air,25195.34,0,None,None,10,0.72,128.1,0
O1298,S25,Textiles,06-06-2023,Rail,1099.1,0,None,None,15,0.54,460.78,0
O1299,S30,Electronics,27-08-2023,Sea,947.4,7,Shortage,High,11,0.84,91.65,1
O1300,S15,Machinery,05-06-2023,Sea,18172.95,0,None,None,14,0.62,374.76,0
O1301,S8,Machinery,18-10-2023,Road,46346.61,2,Customs,Medium,3,0.97,113.22,1
O1302,S4,Electronics,16-05-2023,Rail,11819.5,0,None,None,17,0.94,225.22,0
O1303,S18,Machinery,24-05-2023,Rail,31901,0,None,None,2,0.64,235.2,0
O1304,S20,Food,16-04-2023,Rail,11492.76,1,Weather,Low,7,0.89,121.44,1
O1305,S25,Textiles,07-06-2023,Road,16422.66,1,Customs,Low,2,0.9,465.21,1
O1306,S12,Electronics,26-05-2023,Road,42478.08,0,None,None,7,0.99,51.2,0
O1307,S25,Textiles,02-01-2023,Sea,36578.64,0,None,None,17,0.8,452.21,0
O1308,S6,Machinery,18-03-2023,Air,5222.26,1,Customs,Medium,9,0.54,447.72,1
O1309,S18,Machinery,12-05-2023,Rail,21720.75,0,None,None,19,0.82,192.63,0
O1310,S28,Electronics,31-03-2023,Rail,1943.9,0,None,None,16,0.81,366.93,0
O1311,S13,Food,11-12-2023,Air,24304.06,0,None,None,7,0.82,163.76,0
O1312,S4,Pharma,16-12-2023,Rail,33290.48,0,None,None,10,0.65,391.45,0
O1313,S22,Electronics,20-09-2023,Road,6365.88,0,None,None,4,0.93,302.5,0
O1314,S26,Pharma,17-12-2023,Road,14799.8,2,Shortage,Low,12,0.98,185.1,1
O1315,S3,Pharma,18-04-2023,Rail,20192.91,5,Customs,Low,4,0.61,230.11,1
O1316,S24,Food,15-03-2023,Road,46016.79,3,Strike,Low,12,0.54,360.45,1
O1317,S24,Pharma,08-02-2023,Road,49666.12,0,None,None,5,0.6,457.74,0
O1318,S24,Pharma,08-06-2023,Rail,2723.11,0,None,None,4,0.91,108.83,0
O1319,S6,Food,12-03-2023,Sea,38169.89,2,Shortage,High,8,0.84,307.11,1
O1320,S4,Pharma,08-11-2023,Air,18900.34,0,None,None,15,0.82,164.18,0
O1321,S7,Pharma,29-08-2023,Road,19926.68,0,None,None,1,0.7,410.62,0
O1322,S4,Pharma,25-10-2023,Sea,37836.12,0,None,None,0,0.79,81.61,0
O1323,S21,Electronics,05-02-2023,Road,45962.11,1,Shortage,Medium,7,0.65,360.03,1
O1324,S16,Electronics,25-03-2023,Road,47570.97,1,Shortage,Low,18,0.74,128.73,1
O1325,S7,Electronics,20-09-2023,Air,29067.57,0,None,None,10,0.9,318.37,0
O1326,S24,Food,06-11-2023,Road,18177.5,7,Weather,Low,11,0.99,426.06,1
O1327,S19,Machinery,21-06-2023,Air,39483.68,3,Shortage,Low,11,0.97,389.79,1
O1328,S8,Pharma,22-06-2023,Air,12924.57,5,Weather,Medium,6,0.97,388.82,1
O1329,S15,Pharma,28-12-2023,Air,28421.66,1,Weather,Low,12,0.7,283.03,1
O1330,S30,Food,16-02-2023,Sea,18249.63,0,None,None,7,0.73,450.84,0
O1331,S16,Pharma,21-05-2023,Rail,33003.24,3,Customs,Medium,8,0.85,314.65,1
O1332,S16,Electronics,28-04-2023,Sea,12399.75,3,Strike,High,6,0.96,462.88,1
O1333,S28,Machinery,04-10-2023,Rail,9983.85,0,None,None,14,0.57,295.94,0
O1334,S16,Textiles,02-08-2023,Rail,45952.83,3,Strike,Medium,1,0.65,277.68,1
O1335,S18,Pharma,08-08-2023,Air,5539.28,0,None,None,19,0.57,150.06,0
O1336,S13,Electronics,26-01-2023,Road,25544.92,1,Shortage,High,11,0.81,295.15,1
O1337,S5,Textiles,09-01-2023,Air,11432.21,0,None,None,0,0.65,113.26,0
O1338,S9,Machinery,28-09-2023,Road,2427.03,1,Strike,Medium,7,0.66,441.36,1
O1339,S26,Textiles,10-01-2023,Rail,2282.93,0,None,None,4,0.54,354.15,0
O1340,S24,Electronics,01-05-2023,Air,9173.48,0,None,None,14,0.67,497.14,0
O1341,S6,Textiles,05-05-2023,Road,43405.13,3,Customs,Low,0,0.93,91.44,1
O1342,S11,Food,19-06-2023,Sea,14482.7,3,Customs,High,0,0.62,158.3,1
O1343,S21,Textiles,13-03-2023,Road,47547.73,2,Strike,Low,9,0.85,444.72,1
O1344,S27,Pharma,01-06-2023,Air,29290.3,2,Customs,Low,9,0.81,227.86,1
O1345,S5,Pharma,27-07-2023,Sea,22112.4,1,Strike,Low,14,0.93,259.84,1
O1346,S25,Food,18-02-2023,Road,29214.4,1,Strike,Low,16,0.57,437.29,1
O1347,S17,Electronics,03-06-2023,Road,26076.57,0,None,None,5,0.99,284.82,0
O1348,S25,Pharma,13-12-2023,Road,38059.42,1,Shortage,Low,2,0.79,137.06,1
O1349,S1,Machinery,20-10-2023,Road,14483.56,0,None,None,12,1,451.41,0
O1350,S23,Pharma,09-03-2023,Road,17975.99,7,Weather,Low,15,0.96,63.98,1
O1351,S6,Pharma,19-02-2023,Sea,44757.67,0,None,None,7,0.61,452.93,0
O1352,S25,Electronics,01-06-2023,Rail,47349.6,0,None,None,14,0.53,72.73,0
O1353,S19,Textiles,19-01-2023,Sea,44681.63,0,None,None,16,0.63,349.63,0
O1354,S30,Pharma,10-04-2023,Sea,21262.68,2,Shortage,Low,16,0.76,82.26,1
O1355,S21,Food,01-03-2023,Sea,39128.09,10,Strike,Medium,12,0.59,367.8,1
O1356,S26,Textiles,16-06-2023,Rail,24078.62,0,None,None,16,0.58,65.29,0
O1357,S30,Machinery,21-07-2023,Air,25128.22,3,Customs,Low,5,0.73,429.11,1
O1358,S24,Electronics,11-12-2023,Rail,10631.67,0,None,None,16,0.52,259.67,0
O1359,S26,Machinery,26-05-2023,Sea,29760.95,2,Shortage,High,15,0.56,92.05,1
O1360,S22,Textiles,13-06-2023,Road,9713.73,5,Weather,Medium,13,0.71,368.07,1
O1361,S26,Textiles,30-08-2023,Road,16912.45,1,Weather,Low,12,0.53,270.18,1
O1362,S3,Textiles,10-03-2023,Sea,42823.99,0,None,None,5,0.7,135.93,0
O1363,S28,Machinery,24-06-2023,Road,10750.25,3,Strike,Low,2,0.74,57.05,1
O1364,S4,Textiles,18-02-2023,Sea,4022.34,0,None,None,13,0.73,238.1,0
O1365,S10,Machinery,18-04-2023,Road,3915.88,0,None,None,13,0.93,88.53,0
O1366,S29,Textiles,14-08-2023,Rail,47068.83,7,Shortage,Medium,14,0.77,92.38,1
O1367,S27,Food,10-06-2023,Air,25592.56,0,None,None,7,0.73,170.3,0
O1368,S1,Textiles,29-04-2023,Air,20765.9,0,None,None,14,0.71,333.71,0
O1369,S7,Machinery,29-05-2023,Rail,40638.49,0,None,None,12,0.91,288.46,0
O1370,S23,Pharma,30-05-2023,Rail,41873.38,0,None,None,16,0.95,81.04,0
O1371,S17,Textiles,20-10-2023,Sea,16943.46,0,None,None,2,0.93,485.79,0
O1372,S13,Pharma,23-05-2023,Sea,34834.09,5,Weather,Medium,5,0.84,449.23,1
O1373,S26,Food,09-06-2023,Sea,38670.58,0,None,None,4,0.57,166.65,0
O1374,S24,Electronics,11-01-2023,Road,32905.21,5,Customs,Medium,16,0.64,105.05,1
O1375,S21,Food,18-05-2023,Sea,8003.96,3,Customs,Low,1,0.52,474.08,1
O1376,S27,Textiles,19-03-2023,Rail,43856.21,0,None,None,14,0.97,257.51,0
O1377,S3,Pharma,18-03-2023,Air,27185.18,0,None,None,4,0.83,190.03,0
O1378,S10,Pharma,11-09-2023,Road,14482.39,5,Strike,Medium,19,0.87,270.66,1
O1379,S1,Machinery,15-09-2023,Sea,21548.8,0,None,None,5,0.66,397.73,0
O1380,S7,Pharma,16-11-2023,Road,2359.77,0,None,None,5,0.92,125.77,0
O1381,S30,Machinery,18-10-2023,Road,6829.41,3,Strike,Low,17,0.63,395.37,1
O1382,S17,Electronics,20-09-2023,Sea,38394.56,10,Strike,High,17,0.5,387.25,1
O1383,S30,Textiles,26-03-2023,Road,500.58,1,Customs,Medium,3,0.69,292.71,1
O1384,S17,Machinery,26-05-2023,Air,21120.01,5,Shortage,Low,16,0.79,439.63,1
O1385,S8,Electronics,19-11-2023,Rail,26364.25,0,None,None,13,0.74,109.46,0
O1386,S14,Pharma,11-02-2023,Rail,3204.4,0,None,None,13,0.93,317.97,0
O1387,S6,Pharma,05-05-2023,Air,48667.37,1,Weather,Medium,12,0.55,252.2,1
O1388,S16,Electronics,16-06-2023,Road,11693.2,0,None,None,6,0.78,240.03,0
O1389,S1,Pharma,29-08-2023,Sea,15557.84,0,None,None,11,0.76,163.65,0
O1390,S17,Electronics,07-10-2023,Road,15545.15,0,None,None,14,0.64,217.53,0
O1391,S2,Machinery,07-07-2023,Air,11905.62,0,None,None,18,0.91,98.67,0
O1392,S19,Machinery,29-10-2023,Road,572.95,5,Strike,Medium,10,0.88,163.22,1
O1393,S3,Electronics,19-01-2023,Rail,36602.57,1,Shortage,Low,14,0.87,172.38,1
O1394,S16,Machinery,09-03-2023,Road,48358.85,10,Shortage,Low,11,0.94,374.3,1
O1395,S24,Machinery,06-08-2023,Air,11602.53,0,None,None,2,0.86,71.85,0
O1396,S27,Machinery,12-04-2023,Rail,33320.84,0,None,None,16,0.62,343.04,0
O1397,S11,Food,11-02-2023,Road,37223.87,0,None,None,2,0.85,149.63,0
O1398,S21,Textiles,15-10-2023,Road,42497.06,0,None,None,18,0.65,86.84,0
O1399,S18,Pharma,16-06-2023,Rail,21420.15,0,None,None,19,0.62,185.36,0
O1400,S16,Food,19-04-2023,Sea,15495.08,1,Strike,Low,3,0.54,151.01,1
O1401,S16,Machinery,05-02-2023,Rail,16602.11,3,Weather,Medium,2,0.87,298.41,1
O1402,S27,Electronics,20-08-2023,Sea,35774.76,0,None,None,15,0.86,210.82,0
O1403,S5,Machinery,17-08-2023,Air,40930.58,0,None,None,11,0.62,484.7,0
O1404,S18,Textiles,19-12-2023,Air,9489.89,7,Weather,Medium,7,0.87,483.6,1
O1405,S22,Machinery,13-06-2023,Rail,18861.58,3,Weather,Medium,16,0.96,249.67,1
O1406,S3,Electronics,14-03-2023,Rail,45146.04,1,Weather,Medium,6,0.55,407.79,1
O1407,S26,Textiles,16-05-2023,Air,40431.33,3,Customs,Low,10,0.62,55.97,1
O1408,S28,Machinery,19-12-2023,Sea,49250.49,0,None,None,17,0.88,296.52,0
O1409,S8,Textiles,11-03-2023,Air,37835.29,5,Shortage,High,0,0.64,384.48,1
O1410,S13,Pharma,15-07-2023,Rail,19963.16,10,Shortage,Medium,2,0.81,147.62,1
O1411,S25,Pharma,26-09-2023,Air,29736.57,0,None,None,3,0.54,77.53,0
O1412,S17,Machinery,18-02-2023,Rail,33220.21,1,Strike,Low,12,0.73,120.16,1
O1413,S11,Textiles,12-11-2023,Rail,4383.56,3,Strike,Medium,5,0.87,248.83,1
O1414,S21,Electronics,10-05-2023,Air,27452.6,0,None,None,13,0.84,277.87,0
O1415,S21,Machinery,05-01-2023,Sea,35611.38,0,None,None,4,0.91,221.4,0
O1416,S16,Pharma,27-01-2023,Road,8782.4,1,Weather,High,15,0.94,247.99,1
O1417,S1,Pharma,09-06-2023,Air,39141.27,0,None,None,14,0.89,261.61,0
O1418,S9,Machinery,29-05-2023,Road,29396.75,5,Weather,Low,14,0.84,396.25,1
O1419,S1,Textiles,21-09-2023,Air,47634.98,7,Shortage,Low,3,0.52,97.36,1
O1420,S10,Pharma,18-08-2023,Road,2599.9,0,None,None,7,0.77,396.03,0
O1421,S16,Textiles,19-07-2023,Sea,13633.64,2,Customs,Low,15,0.52,359.88,1
O1422,S28,Pharma,19-02-2023,Sea,30276.92,1,Weather,High,15,0.9,383.75,1
O1423,S17,Pharma,08-03-2023,Air,15179.72,0,None,None,3,0.66,380.51,0
O1424,S25,Food,27-10-2023,Rail,35864,3,Shortage,High,12,0.78,261.77,1
O1425,S29,Pharma,27-02-2023,Road,38070.76,1,Weather,Medium,12,0.64,145.13,1
O1426,S30,Electronics,16-09-2023,Rail,5574.54,0,None,None,1,0.89,291.48,0
O1427,S13,Machinery,08-12-2023,Rail,25935.8,3,Customs,Low,2,0.94,481.09,1
O1428,S25,Machinery,22-11-2023,Rail,25690.08,10,Weather,Medium,7,0.7,314.84,1
O1429,S18,Textiles,10-05-2023,Sea,18779.4,1,Weather,Low,14,0.93,54.97,1
O1430,S24,Pharma,03-08-2023,Air,46679.78,5,Strike,Medium,10,0.63,76.87,1
O1431,S20,Electronics,21-06-2023,Air,41461.56,0,None,None,8,0.77,496.79,0
O1432,S18,Textiles,15-09-2023,Sea,35011.86,0,None,None,6,0.93,82.38,0
O1433,S14,Food,12-04-2023,Sea,35859.17,3,Customs,Medium,12,0.66,70.72,1
O1434,S9,Textiles,28-07-2023,Air,23354.95,3,Weather,Medium,1,0.98,208.86,1
O1435,S11,Textiles,18-10-2023,Rail,46089.23,0,None,None,7,0.56,486.19,0
O1436,S23,Pharma,20-12-2023,Road,34882.47,7,Weather,High,6,0.51,193.4,1
O1437,S10,Food,13-10-2023,Road,36584.56,10,Shortage,High,11,0.95,234.45,1
O1438,S24,Textiles,26-04-2023,Road,43153.7,10,Shortage,Low,18,0.53,335.33,1
O1439,S25,Electronics,21-09-2023,Rail,14066.54,2,Weather,High,6,1,60.85,1
O1440,S27,Electronics,30-05-2023,Air,40450.01,0,None,None,9,0.98,453.99,0
O1441,S4,Machinery,27-10-2023,Sea,10164.41,10,Shortage,Medium,15,0.57,283.75,1
O1442,S2,Food,05-02-2023,Air,17594.43,1,Strike,Low,2,0.77,260.06,1
O1443,S2,Food,29-11-2023,Rail,17112.72,5,Shortage,Medium,9,0.59,437.33,1
O1444,S11,Machinery,14-10-2023,Sea,48937.01,0,None,None,5,0.71,478.88,0
O1445,S2,Textiles,30-10-2023,Rail,42898.59,2,Customs,Low,17,0.53,240.54,1
O1446,S16,Food,07-11-2023,Road,35207.91,0,None,None,17,0.61,127.6,0
O1447,S3,Electronics,27-07-2023,Road,36489.31,10,Shortage,Low,4,0.68,417.07,1
O1448,S26,Electronics,16-04-2023,Rail,28322.6,0,None,None,6,0.72,231.47,0
O1449,S7,Pharma,07-06-2023,Sea,47380.99,5,Strike,Low,1,0.99,471,1
O1450,S23,Food,01-05-2023,Sea,25064.81,0,None,None,10,0.9,477.45,0
O1451,S28,Textiles,24-02-2023,Air,19335.63,0,None,None,12,0.87,101.67,0
O1452,S19,Machinery,12-01-2023,Road,8570.25,0,None,None,4,0.77,480.45,0
O1453,S21,Machinery,25-05-2023,Air,39417.18,0,None,None,5,0.92,215.72,0
O1454,S19,Textiles,16-05-2023,Air,36854.97,1,Weather,Low,13,0.67,340.81,1
O1455,S25,Pharma,03-01-2023,Rail,19525.57,10,Strike,Low,11,0.85,65.64,1
O1456,S22,Machinery,24-05-2023,Rail,1747.07,0,None,None,3,1,450,0
O1457,S5,Food,30-01-2023,Air,42030.37,1,Strike,Low,5,0.66,338.72,1
O1458,S14,Pharma,25-08-2023,Road,1065.19,10,Weather,Medium,9,0.84,339.6,1
O1459,S29,Food,06-10-2023,Rail,35333.14,2,Weather,Low,17,0.92,455.98,1
O1460,S1,Electronics,14-12-2023,Air,48527.73,0,None,None,14,0.96,278.76,0
O1461,S9,Pharma,25-04-2023,Air,22164.24,2,Strike,Medium,7,0.86,234.73,1
O1462,S26,Machinery,14-04-2023,Air,12131.18,1,Shortage,Low,8,0.64,439.76,1
O1463,S14,Pharma,28-04-2023,Air,35391.11,10,Weather,Low,4,0.66,384.09,1
O1464,S11,Pharma,05-01-2023,Air,40947.84,0,None,None,9,0.51,477.04,0
O1465,S2,Pharma,26-12-2023,Air,27548.3,0,None,None,19,0.88,473.05,0
O1466,S24,Pharma,05-09-2023,Rail,48368.25,10,Shortage,Medium,5,0.52,222.05,1
O1467,S10,Food,30-12-2023,Road,3057.6,1,Customs,Medium,15,0.93,251.14,1
O1468,S4,Electronics,17-11-2023,Air,25487.38,3,Strike,Low,2,0.56,165.19,1
O1469,S9,Textiles,01-05-2023,Sea,36063.47,0,None,None,9,0.59,347.29,0
O1470,S4,Pharma,13-10-2023,Rail,43200.7,0,None,None,10,0.74,214.04,0
O1471,S13,Machinery,29-05-2023,Rail,9373.15,1,Customs,Medium,10,0.87,403.75,1
O1472,S16,Pharma,25-03-2023,Air,40100.17,1,Customs,Medium,16,0.57,104.7,1
O1473,S2,Machinery,19-08-2023,Rail,27859,1,Strike,High,3,0.72,102.38,1
O1474,S16,Food,15-10-2023,Air,20129.41,0,None,None,3,0.74,142,0
O1475,S23,Machinery,10-06-2023,Road,7019.89,1,Strike,High,16,0.61,87.93,1
O1476,S28,Textiles,29-09-2023,Road,43332.14,0,None,None,8,0.56,329.01,0
O1477,S28,Electronics,07-02-2023,Rail,8285.02,0,None,None,18,0.92,116.31,0
O1478,S7,Machinery,14-08-2023,Rail,15834.5,0,None,None,4,0.75,121.98,0
O1479,S12,Machinery,22-05-2023,Sea,14857.25,0,None,None,5,0.51,56.4,0
O1480,S28,Electronics,19-10-2023,Rail,43634.99,0,None,None,2,0.9,401.94,0
O1481,S1,Textiles,31-05-2023,Sea,33798.8,3,Weather,Medium,0,0.99,415.53,1
O1482,S1,Pharma,24-04-2023,Road,39935.73,2,Weather,Medium,19,0.8,122.91,1
O1483,S21,Machinery,25-08-2023,Road,12898.16,1,Weather,Medium,15,0.75,382.79,1
O1484,S1,Electronics,07-03-2023,Air,31431.27,1,Shortage,Medium,10,0.94,245.1,1
O1485,S5,Food,27-12-2023,Road,28801.43,5,Strike,Low,12,0.98,157.82,1
O1486,S17,Electronics,07-12-2023,Sea,41725.1,0,None,None,9,0.88,329.62,0
O1487,S4,Food,15-09-2023,Rail,45351.31,0,None,None,2,0.72,130.32,0
O1488,S2,Textiles,06-09-2023,Air,1101.76,7,Customs,Low,8,0.8,390.6,1
O1489,S30,Pharma,27-11-2023,Sea,33863.99,0,None,None,11,0.85,71.43,0
O1490,S25,Electronics,19-11-2023,Rail,3065.87,0,None,None,13,0.6,481.61,0
O1491,S6,Machinery,29-06-2023,Air,27668.5,0,None,None,0,0.72,82.34,0
O1492,S6,Textiles,09-07-2023,Road,14737.82,0,None,None,17,0.91,310.75,0
O1493,S3,Electronics,03-06-2023,Sea,15685.44,5,Shortage,Low,16,0.83,455.99,1
O1494,S25,Machinery,15-07-2023,Rail,17971.45,0,None,None,8,0.71,55.36,0
O1495,S7,Electronics,07-11-2023,Air,31253.98,1,Strike,Low,8,0.83,274.33,1
O1496,S23,Food,19-09-2023,Air,17035.47,10,Strike,Low,9,0.56,207.5,1
O1497,S23,Electronics,23-05-2023,Road,36768.6,0,None,None,18,0.7,311.15,0
O1498,S26,Electronics,08-12-2023,Rail,20524.11,0,None,None,14,0.9,151.46,0
O1499,S18,Electronics,12-11-2023,Road,3883.48,1,Shortage,Low,4,0.61,79.2,1
O1500,S22,Textiles,11-04-2023,Road,39296.11,0,None,None,14,0.59,331.67,0
O1501,S22,Electronics,01-09-2023,Rail,14645.04,0,None,None,19,0.98,237.58,0
O1502,S28,Machinery,12-01-2023,Rail,21921.96,5,Shortage,High,1,0.6,330.12,1
O1503,S7,Food,27-08-2023,Rail,34429.47,0,None,None,12,0.63,144.74,0
O1504,S24,Food,18-02-2023,Sea,16956.58,0,None,None,15,0.98,202.43,0
O1505,S2,Electronics,11-02-2023,Rail,3300.99,2,Weather,Medium,14,0.87,302.76,1
O1506,S26,Textiles,15-06-2023,Air,19009.09,2,Customs,High,9,0.85,316.9,1
O1507,S4,Textiles,23-03-2023,Road,47250.2,1,Weather,High,13,0.93,217.54,1
O1508,S1,Machinery,18-10-2023,Sea,32265.85,2,Weather,Low,9,0.56,176.02,1
O1509,S26,Electronics,07-06-2023,Rail,33738.22,1,Customs,Medium,13,0.85,173.17,1
O1510,S2,Food,04-08-2023,Sea,31797.97,2,Weather,Low,8,0.75,128.61,1
O1511,S18,Textiles,07-06-2023,Rail,10350.11,0,None,None,13,0.91,196.43,0
O1512,S15,Electronics,14-05-2023,Sea,21207.53,3,Shortage,Low,2,0.75,139.75,1
O1513,S10,Textiles,08-03-2023,Road,37671.52,0,None,None,19,0.81,335.22,0
O1514,S15,Textiles,02-12-2023,Road,5517.96,2,Shortage,Medium,15,0.74,306.08,1
O1515,S20,Food,07-01-2023,Air,14253.71,2,Strike,Low,1,0.74,222.16,1
O1516,S16,Pharma,14-01-2023,Air,14177.8,1,Shortage,High,9,0.88,196.62,1
O1517,S25,Machinery,14-03-2023,Rail,21884.94,0,None,None,2,0.81,156.93,0
O1518,S11,Machinery,12-06-2023,Road,49028.25,2,Customs,Low,10,0.82,290.96,1
O1519,S19,Food,07-03-2023,Sea,3841.38,1,Weather,Low,10,0.73,463.51,1
O1520,S24,Textiles,13-12-2023,Sea,26175.7,0,None,None,12,0.77,358.57,0
O1521,S10,Electronics,10-05-2023,Sea,9378.55,2,Weather,Medium,6,0.87,384.99,1
O1522,S27,Textiles,25-07-2023,Air,48548.49,0,None,None,16,0.91,425.47,0
O1523,S7,Food,03-10-2023,Sea,6108.52,0,None,None,1,0.85,208.24,0
O1524,S15,Machinery,13-09-2023,Air,20478.25,0,None,None,11,0.96,78.29,0
O1525,S21,Textiles,23-09-2023,Air,37025.31,0,None,None,9,0.91,330.15,0
O1526,S18,Machinery,25-01-2023,Rail,35375.44,1,Strike,Low,17,0.78,134.9,1
O1527,S5,Electronics,08-10-2023,Sea,21425.07,7,Shortage,Low,10,0.84,306.07,1
O1528,S12,Machinery,10-09-2023,Sea,17652.95,3,Customs,Low,15,0.96,382.78,1
O1529,S12,Machinery,06-11-2023,Road,20181.81,10,Weather,Medium,16,0.81,402.64,1
O1530,S14,Pharma,16-10-2023,Rail,13581.68,0,None,None,18,0.91,185.83,0
O1531,S7,Pharma,13-06-2023,Road,10663.98,2,Strike,High,17,0.84,280.59,1
O1532,S29,Pharma,05-04-2023,Rail,24410.47,1,Shortage,Low,2,0.78,329.43,1
O1533,S6,Machinery,27-09-2023,Sea,13792.42,3,Weather,Low,15,0.62,418.77,1
O1534,S12,Food,17-11-2023,Air,14729.35,0,None,None,5,0.71,392.62,0
O1535,S12,Machinery,20-04-2023,Air,33009.43,0,None,None,11,0.98,494.59,0
O1536,S28,Food,02-12-2023,Air,48442.6,2,Customs,Low,10,0.83,53.64,1
O1537,S29,Food,06-11-2023,Air,30380.04,1,Weather,Medium,14,0.78,246.87,1
O1538,S23,Pharma,26-08-2023,Air,4310.48,0,None,None,14,0.97,165.22,0
O1539,S24,Textiles,25-01-2023,Road,4241.39,0,None,None,15,0.79,103.95,0
O1540,S29,Electronics,21-05-2023,Rail,47595.45,7,Customs,Medium,9,0.76,460.18,1
O1541,S20,Pharma,27-04-2023,Sea,15215.89,2,Weather,Low,11,0.88,499.08,1
O1542,S25,Pharma,25-01-2023,Road,5057.32,5,Shortage,Low,12,0.86,131.27,1
O1543,S25,Textiles,20-03-2023,Rail,30152.71,0,None,None,3,0.6,67.3,0
O1544,S2,Electronics,09-03-2023,Air,31370.61,0,None,None,6,0.74,173.77,0
O1545,S7,Machinery,22-06-2023,Rail,32600.99,1,Customs,Low,1,0.74,425.69,1
O1546,S2,Machinery,12-01-2023,Rail,13736.4,0,None,None,14,0.69,182.25,0
O1547,S24,Pharma,15-10-2023,Air,1247.98,0,None,None,7,0.76,75.61,0
O1548,S4,Electronics,08-05-2023,Air,48268.26,1,Shortage,Low,6,0.71,73.62,1
O1549,S11,Pharma,06-04-2023,Air,12919.21,10,Strike,Medium,14,0.6,242.34,1
O1550,S4,Food,02-04-2023,Sea,33963.3,7,Strike,Low,13,0.71,469.32,1
O1551,S1,Pharma,21-05-2023,Air,35478.18,2,Weather,Low,7,0.54,178.66,1
O1552,S25,Pharma,31-01-2023,Sea,30695.37,0,None,None,11,0.79,242.22,0
O1553,S25,Machinery,30-11-2023,Air,15988.92,2,Strike,Medium,12,0.93,95.87,1
O1554,S18,Machinery,20-01-2023,Sea,13919.26,3,Shortage,Low,10,0.86,272.11,1
O1555,S23,Machinery,26-05-2023,Rail,30084.58,7,Strike,Low,16,0.68,363.45,1
O1556,S28,Food,12-11-2023,Road,43371.73,10,Shortage,Low,16,0.54,172.02,1
O1557,S8,Machinery,09-06-2023,Rail,47363.32,0,None,None,3,0.6,183.52,0
O1558,S26,Electronics,15-12-2023,Rail,5742.34,2,Shortage,Low,7,0.77,428.89,1
O1559,S6,Textiles,12-02-2023,Air,8164.02,5,Shortage,Medium,4,0.6,54.66,1
O1560,S7,Electronics,11-09-2023,Sea,47264.44,3,Customs,Low,15,0.77,336.41,1
O1561,S7,Electronics,10-05-2023,Road,36958.49,0,None,None,3,0.62,227.25,0
O1562,S29,Machinery,01-03-2023,Air,44208.19,2,Customs,Low,14,0.92,184.27,1
O1563,S4,Textiles,31-05-2023,Air,10530.32,10,Shortage,Low,11,0.7,345.92,1
O1564,S6,Textiles,14-10-2023,Air,29585.5,0,None,None,4,0.62,425.6,0
O1565,S19,Textiles,05-01-2023,Rail,35206.41,0,None,None,15,0.91,301.28,0
O1566,S22,Food,23-09-2023,Sea,34165.54,0,None,None,13,0.67,63.99,0
O1567,S25,Machinery,11-12-2023,Sea,20703.51,0,None,None,9,0.56,257.63,0
O1568,S28,Textiles,10-05-2023,Road,1262.05,0,None,None,6,0.79,258.24,0
O1569,S23,Food,24-09-2023,Sea,29354.84,0,None,None,12,0.79,294.71,0
O1570,S11,Pharma,27-06-2023,Sea,13028.53,2,Shortage,High,19,0.86,351.93,1
O1571,S21,Pharma,10-09-2023,Air,22787.59,3,Shortage,Low,4,0.62,58.69,1
O1572,S12,Food,25-02-2023,Air,47900.26,5,Shortage,Low,2,0.72,275.91,1
O1573,S3,Food,24-03-2023,Rail,20252.25,5,Strike,Low,14,0.64,314.74,1
O1574,S6,Machinery,09-04-2023,Air,42070.18,0,None,None,3,0.54,204.51,0
O1575,S22,Machinery,29-05-2023,Air,9832.76,2,Customs,Medium,14,0.94,350.76,1
O1576,S19,Pharma,25-11-2023,Air,33786.79,0,None,None,13,0.86,152.68,0
O1577,S11,Textiles,05-06-2023,Air,48861.84,7,Shortage,Medium,19,0.65,192.82,1
O1578,S20,Pharma,09-07-2023,Rail,5543.71,0,None,None,18,0.8,483.24,0
O1579,S27,Textiles,20-09-2023,Air,911.84,5,Strike,Low,12,0.6,206.63,1
O1580,S3,Textiles,21-03-2023,Road,21962.35,1,Customs,High,9,0.95,205.93,1
O1581,S14,Machinery,09-09-2023,Road,5084.96,10,Weather,High,4,0.56,318.06,1
O1582,S14,Electronics,07-04-2023,Road,37545.03,0,None,None,19,0.5,486.94,0
O1583,S29,Electronics,17-09-2023,Road,45770.16,5,Weather,Low,19,0.75,492.39,1
O1584,S29,Food,17-09-2023,Air,21984.04,0,None,None,5,0.79,310.85,0
O1585,S7,Machinery,13-04-2023,Road,13306.23,0,None,None,3,0.79,50.49,0
O1586,S19,Textiles,09-02-2023,Air,22002.96,0,None,None,1,0.53,455.3,0
O1587,S9,Electronics,30-09-2023,Rail,36310.67,0,None,None,15,0.66,306.61,0
O1588,S8,Textiles,11-04-2023,Road,948.18,0,None,None,17,0.75,214.7,0
O1589,S15,Electronics,25-12-2023,Sea,29677.97,5,Weather,High,4,0.61,423.14,1
O1590,S10,Electronics,04-11-2023,Road,30857.94,5,Strike,Low,3,0.94,229.92,1
O1591,S24,Electronics,09-08-2023,Road,32065.57,5,Shortage,Low,12,0.54,65.32,1
O1592,S16,Machinery,04-11-2023,Air,12480.09,2,Weather,High,18,0.74,419.48,1
O1593,S13,Pharma,04-05-2023,Road,35845.61,0,None,None,1,0.85,295.64,0
O1594,S19,Textiles,19-08-2023,Sea,5023.88,0,None,None,12,0.63,202.16,0
O1595,S26,Machinery,27-06-2023,Air,10363.88,0,None,None,10,0.81,162.9,0
O1596,S4,Machinery,04-03-2023,Air,43934.77,1,Weather,High,3,0.91,317.21,1
O1597,S7,Machinery,26-04-2023,Rail,37066.8,0,None,None,19,0.6,143.62,0
O1598,S26,Machinery,10-07-2023,Rail,1180.4,5,Weather,High,19,0.96,195.73,1
O1599,S5,Machinery,03-03-2023,Road,12794.62,2,Weather,High,14,0.78,336.44,1
O1600,S13,Food,13-09-2023,Rail,11113.12,2,Strike,Low,3,0.65,446.7,1
O1601,S29,Textiles,07-01-2023,Rail,13904.91,3,Shortage,Low,8,0.72,289.8,1
O1602,S28,Machinery,04-06-2023,Rail,12754.21,7,Shortage,Low,6,0.66,391.6,1
O1603,S26,Textiles,02-04-2023,Air,3595.05,10,Strike,Low,18,0.86,393.38,1
O1604,S24,Food,14-01-2023,Air,23217.56,2,Customs,Low,18,0.9,348.96,1
O1605,S12,Food,17-08-2023,Air,36770.31,7,Strike,Low,5,0.92,160.63,1
O1606,S7,Textiles,27-03-2023,Rail,30533.22,7,Weather,Medium,5,0.99,440.05,1
O1607,S7,Electronics,13-05-2023,Air,33807.15,0,None,None,19,0.9,246.32,0
O1608,S3,Pharma,02-07-2023,Rail,4516.88,0,None,None,14,0.8,69.89,0
O1609,S18,Electronics,03-03-2023,Air,47598.79,1,Weather,High,14,0.67,160.08,1
O1610,S28,Electronics,07-08-2023,Air,42005.35,0,None,None,19,0.77,394.5,0
O1611,S23,Electronics,03-09-2023,Sea,40351.97,10,Customs,Low,8,0.52,81.11,1
O1612,S28,Machinery,18-08-2023,Road,41237.7,0,None,None,3,0.87,116.31,0
O1613,S23,Food,20-03-2023,Rail,46669.17,5,Customs,Medium,17,0.72,362.4,1
O1614,S10,Electronics,29-05-2023,Sea,27440.57,0,None,None,17,0.51,451.67,0
O1615,S24,Food,18-05-2023,Air,10413.96,1,Strike,High,4,0.53,335.18,1
O1616,S5,Textiles,10-11-2023,Rail,31030.79,2,Strike,Medium,19,0.69,150.03,1
O1617,S4,Pharma,06-03-2023,Air,37272.63,0,None,None,10,0.79,74.04,0
O1618,S4,Textiles,13-01-2023,Road,37026.91,1,Customs,Low,4,0.73,326.81,1
O1619,S9,Textiles,01-08-2023,Sea,26311.73,1,Customs,Medium,3,0.81,71.33,1
O1620,S5,Machinery,30-08-2023,Road,3888.71,2,Customs,Low,11,0.74,325.72,1
O1621,S10,Pharma,01-08-2023,Sea,18870.09,0,None,None,1,0.83,151.51,0
O1622,S9,Textiles,30-06-2023,Air,46077.95,10,Weather,High,12,0.61,457.1,1
O1623,S1,Textiles,04-12-2023,Road,29430.22,0,None,None,9,0.56,263.79,0
O1624,S16,Pharma,22-06-2023,Road,27147.43,0,None,None,8,0.8,150.77,0
O1625,S18,Pharma,09-06-2023,Air,13808.25,0,None,None,9,0.74,433.92,0
O1626,S23,Textiles,13-06-2023,Road,18738.22,3,Weather,High,6,0.51,164.32,1
O1627,S11,Pharma,07-07-2023,Rail,44819.63,0,None,None,3,0.69,187.97,0
O1628,S6,Textiles,10-07-2023,Sea,33489.92,0,None,None,18,0.55,425.43,0
O1629,S25,Textiles,04-11-2023,Sea,39475.66,0,None,None,9,0.77,188.96,0
O1630,S29,Machinery,13-09-2023,Sea,22990.1,0,None,None,2,0.7,234.57,0
O1631,S9,Electronics,02-07-2023,Rail,31697.24,0,None,None,18,0.81,206.45,0
O1632,S21,Textiles,27-04-2023,Sea,12794.99,0,None,None,1,0.9,102.38,0
O1633,S9,Food,09-10-2023,Air,35420.31,0,None,None,19,0.65,67.5,0
O1634,S16,Electronics,15-07-2023,Road,21666.27,5,Customs,Low,9,0.98,376.04,1
O1635,S10,Electronics,03-02-2023,Rail,22406,0,None,None,1,0.77,340.31,0
O1636,S16,Electronics,21-02-2023,Sea,32641.46,0,None,None,1,0.81,177.06,0
O1637,S16,Machinery,22-04-2023,Air,46845.89,0,None,None,16,0.84,183.02,0
O1638,S11,Textiles,09-09-2023,Road,3668.31,2,Weather,Low,15,0.83,475.25,1
O1639,S7,Machinery,23-03-2023,Road,41324.79,3,Weather,High,15,0.76,494.45,1
O1640,S18,Textiles,20-08-2023,Rail,14972.96,10,Shortage,Low,13,0.71,263.05,1
O1641,S13,Machinery,15-08-2023,Rail,22474.01,5,Strike,Low,6,0.53,411.1,1
O1642,S28,Machinery,21-08-2023,Rail,1584.71,1,Shortage,High,10,0.51,381.51,1
O1643,S23,Food,09-08-2023,Air,15401.78,0,None,None,0,0.68,183.79,0
O1644,S23,Machinery,11-02-2023,Air,25380.25,0,None,None,10,0.67,76.35,0
O1645,S11,Pharma,21-01-2023,Rail,3280.72,1,Customs,Medium,3,0.69,114.15,1
O1646,S28,Food,11-02-2023,Sea,24809.24,0,None,None,6,0.57,427.23,0
O1647,S29,Machinery,23-04-2023,Road,46391.98,0,None,None,14,0.87,379.05,0
O1648,S17,Electronics,15-04-2023,Road,5716.96,3,Customs,Low,17,0.93,348.95,1
O1649,S8,Pharma,11-07-2023,Air,38339.82,0,None,None,11,0.97,108.79,0
O1650,S20,Pharma,17-01-2023,Road,20778.72,0,None,None,16,0.75,337.97,0
O1651,S28,Pharma,30-04-2023,Sea,32931.1,2,Shortage,Low,0,0.85,397.47,1
O1652,S1,Food,09-05-2023,Road,13381.71,2,Customs,Low,10,0.93,437.27,1
O1653,S26,Machinery,10-05-2023,Air,8394.87,1,Weather,Medium,0,0.71,55.95,1
O1654,S7,Machinery,01-03-2023,Air,8442.9,0,None,None,14,0.65,358.01,0
O1655,S11,Electronics,17-02-2023,Sea,3989.35,0,None,None,9,0.97,58.59,0
O1656,S28,Electronics,29-01-2023,Sea,9689.51,0,None,None,6,0.76,368.09,0
O1657,S20,Pharma,07-04-2023,Road,33378.86,7,Strike,Low,1,0.75,336.03,1
O1658,S12,Electronics,10-01-2023,Road,44143.69,0,None,None,9,0.59,116.76,0
O1659,S15,Food,30-08-2023,Air,40799.22,1,Customs,Low,3,0.55,394.75,1
O1660,S12,Machinery,10-11-2023,Sea,34414.15,1,Shortage,Low,11,0.92,80.76,1
O1661,S18,Pharma,20-08-2023,Sea,5966.38,5,Strike,Low,18,0.81,421.88,1
O1662,S21,Electronics,04-10-2023,Sea,14814.78,2,Shortage,High,10,0.66,167.87,1
O1663,S12,Food,11-10-2023,Road,15835.44,0,None,None,7,0.6,359.98,0
O1664,S26,Food,22-07-2023,Sea,12872.87,0,None,None,17,0.78,465.66,0
O1665,S25,Electronics,04-09-2023,Air,25992.78,3,Strike,High,10,0.79,202.92,1
O1666,S6,Machinery,17-10-2023,Air,27009.91,2,Customs,High,10,0.6,276.3,1
O1667,S2,Electronics,21-09-2023,Road,18165.86,5,Customs,Medium,12,0.93,258.4,1
O1668,S13,Pharma,02-08-2023,Rail,18012.56,10,Weather,High,2,0.54,120.93,1
O1669,S27,Electronics,19-07-2023,Road,41513.5,10,Shortage,High,11,0.68,315.64,1
O1670,S16,Food,20-03-2023,Rail,39570,0,None,None,2,0.84,384.35,0
O1671,S23,Electronics,09-12-2023,Sea,15735.89,0,None,None,9,0.64,462.59,0
O1672,S1,Machinery,10-12-2023,Road,45732.53,0,None,None,16,0.91,432.86,0
O1673,S17,Textiles,22-06-2023,Air,47664.34,0,None,None,1,0.87,279.51,0
O1674,S16,Electronics,10-03-2023,Sea,16673.76,0,None,None,16,0.89,373.56,0
O1675,S18,Machinery,28-03-2023,Air,18044.03,3,Strike,Medium,15,0.56,410.35,1
O1676,S15,Machinery,11-04-2023,Sea,25528.89,0,None,None,1,0.57,272.07,0
O1677,S4,Food,08-01-2023,Road,47085.48,0,None,None,19,0.64,101.94,0
O1678,S4,Machinery,29-11-2023,Rail,43877.81,5,Shortage,High,5,0.76,247.07,1
O1679,S8,Machinery,19-07-2023,Sea,5577.11,2,Shortage,Low,9,0.87,429.12,1
O1680,S14,Machinery,28-03-2023,Rail,19940.17,0,None,None,9,0.92,318.49,0
O1681,S17,Machinery,12-02-2023,Sea,27891.87,0,None,None,7,0.85,376.01,0
O1682,S12,Pharma,19-04-2023,Air,25405.06,0,None,None,0,0.96,133.37,0
O1683,S7,Pharma,01-06-2023,Air,10096.22,0,None,None,12,0.87,483.95,0
O1684,S26,Food,17-01-2023,Sea,43011.43,2,Shortage,Low,8,0.65,231.84,1
O1685,S20,Electronics,13-05-2023,Rail,34008.57,1,Weather,Low,9,0.63,344.14,1
O1686,S26,Machinery,28-05-2023,Road,41976.46,0,None,None,14,0.85,58.49,0
O1687,S21,Electronics,04-10-2023,Road,43008.83,1,Strike,Low,4,0.6,107.29,1
O1688,S3,Electronics,20-08-2023,Air,37543.61,5,Weather,High,15,0.55,401.92,1
O1689,S6,Food,10-11-2023,Road,22240.92,0,None,None,12,0.77,485.59,0
O1690,S23,Machinery,16-08-2023,Air,30722.06,5,Customs,Medium,19,0.91,194.02,1
O1691,S11,Machinery,19-05-2023,Road,8438.09,0,None,None,17,0.55,66.73,0
O1692,S11,Textiles,30-07-2023,Sea,33845.45,0,None,None,10,0.9,212.39,0
O1693,S12,Electronics,28-01-2023,Air,9373.04,5,Customs,Medium,8,0.91,57.86,1
O1694,S10,Electronics,20-02-2023,Air,34850.5,0,None,None,15,0.74,136.57,0
O1695,S24,Pharma,18-09-2023,Sea,11865.11,0,None,None,1,0.53,388.61,0
O1696,S1,Textiles,18-09-2023,Air,6318.79,1,Customs,Low,1,0.59,471.69,1
O1697,S1,Pharma,16-12-2023,Road,8681.58,0,None,None,11,0.85,89.35,0
O1698,S7,Pharma,18-12-2023,Road,598.61,0,None,None,7,0.86,301.06,0
O1699,S5,Pharma,08-01-2023,Air,36077.61,0,None,None,8,0.95,164.25,0
O1700,S23,Food,16-11-2023,Road,36753.85,0,None,None,11,0.79,112.58,0
O1701,S9,Food,18-05-2023,Rail,25989.2,3,Weather,Low,8,0.56,148.54,1
O1702,S4,Pharma,07-02-2023,Air,8487.46,10,Customs,Low,9,0.56,309.99,1
O1703,S22,Textiles,21-04-2023,Sea,4635.94,1,Weather,High,1,0.86,79.31,1
O1704,S25,Electronics,08-08-2023,Rail,1446.88,2,Weather,Medium,15,0.59,245.4,1
O1705,S27,Textiles,03-12-2023,Air,8704.53,0,None,None,19,0.66,110.85,0
O1706,S24,Machinery,11-08-2023,Sea,44597.35,5,Strike,Medium,6,0.74,172.7,1
O1707,S4,Food,16-05-2023,Road,12456.07,0,None,None,1,0.51,135.84,0
O1708,S10,Electronics,13-09-2023,Sea,18036.43,7,Weather,Low,0,0.62,447.34,1
O1709,S5,Electronics,26-12-2023,Rail,5714.6,0,None,None,18,0.7,368.61,0
O1710,S4,Machinery,25-11-2023,Road,11506.88,10,Customs,High,3,0.64,440.81,1
O1711,S25,Machinery,18-02-2023,Air,26201.62,0,None,None,1,0.57,222.56,0
O1712,S3,Pharma,19-10-2023,Road,30583.76,0,None,None,13,0.86,191.04,0
O1713,S8,Food,20-11-2023,Air,12644.94,0,None,None,1,0.91,221.26,0
O1714,S11,Food,19-03-2023,Air,3357.74,0,None,None,14,0.63,58.35,0
O1715,S2,Textiles,15-04-2023,Sea,19856.13,0,None,None,11,0.89,376.12,0
O1716,S2,Pharma,18-06-2023,Sea,12093.07,0,None,None,4,0.69,207.4,0
O1717,S23,Pharma,05-08-2023,Sea,11367.92,0,None,None,19,0.75,191,0
O1718,S9,Pharma,29-04-2023,Rail,48013.21,7,Customs,Low,6,0.93,319.16,1
O1719,S17,Pharma,09-07-2023,Rail,31006.87,5,Weather,High,9,0.87,246.31,1
O1720,S1,Food,12-09-2023,Sea,28065.48,2,Strike,High,13,0.9,491.38,1
O1721,S22,Food,23-09-2023,Rail,21080.87,0,None,None,13,0.57,210.31,0
O1722,S27,Pharma,29-05-2023,Road,21732.74,0,None,None,4,0.53,326.25,0
O1723,S9,Textiles,13-06-2023,Road,27274.8,1,Shortage,Low,17,0.95,190.24,1
O1724,S5,Electronics,20-05-2023,Rail,34973.28,0,None,None,13,0.69,495.77,0
O1725,S29,Electronics,13-12-2023,Rail,35256.23,7,Strike,Low,1,0.64,250.3,1
O1726,S5,Textiles,15-09-2023,Road,8998.85,1,Weather,High,11,0.86,335.36,1
O1727,S2,Pharma,26-09-2023,Air,25255.58,2,Weather,Low,5,0.92,107.02,1
O1728,S19,Food,30-06-2023,Road,20891.93,3,Customs,Low,3,0.93,379.86,1
O1729,S30,Electronics,09-06-2023,Road,43591.08,0,None,None,12,0.66,171.14,0
O1730,S1,Machinery,17-12-2023,Rail,31755.24,0,None,None,3,0.93,251.88,0
O1731,S3,Machinery,15-10-2023,Road,26858.95,0,None,None,13,0.52,447.41,0
O1732,S28,Textiles,15-10-2023,Rail,6212.03,1,Customs,Low,15,0.52,486.75,1
O1733,S13,Pharma,14-08-2023,Rail,30479.08,0,None,None,3,0.81,241.06,0
O1734,S3,Electronics,11-01-2023,Sea,6301.59,0,None,None,0,0.53,425.66,0
O1735,S22,Pharma,10-01-2023,Road,17191.73,0,None,None,12,0.66,74.01,0
O1736,S26,Electronics,28-09-2023,Air,7570.68,7,Weather,Medium,3,0.84,431.41,1
O1737,S25,Textiles,30-09-2023,Sea,34757.65,3,Weather,Medium,19,0.67,333.28,1
O1738,S11,Textiles,02-07-2023,Rail,10709.48,3,Strike,High,17,0.59,269.92,1
O1739,S28,Machinery,02-06-2023,Rail,19897.04,0,None,None,5,0.64,450.48,0
O1740,S14,Pharma,11-11-2023,Air,44835.9,0,None,None,2,0.73,430.4,0
O1741,S4,Machinery,30-11-2023,Rail,10613.66,7,Weather,High,12,0.74,183.63,1
O1742,S11,Pharma,04-05-2023,Road,25636.35,2,Strike,Low,15,0.89,406.17,1
O1743,S6,Machinery,24-04-2023,Sea,21253.95,0,None,None,4,0.88,94.77,0
O1744,S16,Food,05-10-2023,Rail,1397.14,0,None,None,3,0.73,420.24,0
O1745,S26,Food,01-08-2023,Rail,39741.53,0,None,None,7,0.92,353.96,0
O1746,S17,Food,21-06-2023,Air,3917.77,3,Customs,Low,18,0.56,89.54,1
O1747,S5,Food,15-10-2023,Road,23975.62,0,None,None,13,0.63,357.39,0
O1748,S16,Electronics,23-06-2023,Rail,28253.58,0,None,None,6,0.91,311.23,0
O1749,S25,Food,23-04-2023,Air,31607.11,0,None,None,13,0.69,317.55,0
O1750,S15,Textiles,02-05-2023,Rail,34587.27,7,Customs,Medium,5,0.99,180.89,1
O1751,S16,Textiles,01-02-2023,Air,13036.98,0,None,None,11,0.73,169.92,0
O1752,S17,Electronics,10-08-2023,Air,993.95,0,None,None,15,0.9,393.14,0
O1753,S14,Food,29-04-2023,Road,36310.46,0,None,None,16,0.7,165.57,0
O1754,S6,Food,08-02-2023,Rail,27015,1,Shortage,Medium,12,0.71,250.82,1
O1755,S4,Food,25-09-2023,Road,41887.83,10,Shortage,High,13,0.69,362.66,1
O1756,S4,Machinery,21-08-2023,Air,41158.72,0,None,None,6,0.86,85.83,0
O1757,S17,Pharma,18-01-2023,Sea,42244.65,5,Customs,Low,13,0.77,317.55,1
O1758,S5,Machinery,29-05-2023,Rail,24512.19,3,Customs,Medium,14,0.97,315.22,1
O1759,S14,Pharma,29-05-2023,Sea,17014.61,5,Customs,Low,11,0.63,357.9,1
O1760,S7,Food,06-05-2023,Rail,39682.13,0,None,None,16,0.55,216.47,0
O1761,S10,Food,29-10-2023,Road,22839.06,0,None,None,8,0.7,252.04,0
O1762,S10,Machinery,26-12-2023,Road,9580.39,0,None,None,14,0.81,198.49,0
O1763,S17,Machinery,26-08-2023,Road,42821.21,0,None,None,11,0.93,413.68,0
O1764,S27,Pharma,15-05-2023,Road,44186.71,2,Strike,Medium,1,0.67,108.77,1
O1765,S9,Textiles,31-05-2023,Road,23582.33,0,None,None,4,0.83,483.33,0
O1766,S19,Pharma,24-08-2023,Sea,4247.14,10,Strike,Low,12,0.68,335.68,1
O1767,S24,Machinery,12-08-2023,Road,19697.39,0,None,None,19,0.81,449.11,0
O1768,S22,Machinery,22-07-2023,Air,40275.11,1,Strike,Low,7,0.94,241.8,1
O1769,S19,Electronics,13-09-2023,Air,45137.81,2,Customs,Low,13,0.62,199.53,1
O1770,S9,Machinery,27-03-2023,Sea,10571.9,3,Weather,Medium,14,0.7,455.33,1
O1771,S8,Electronics,30-05-2023,Rail,3815.19,1,Shortage,Low,10,1,94.49,1
O1772,S29,Textiles,23-08-2023,Air,43928.85,1,Customs,Medium,0,0.93,102.7,1
O1773,S17,Pharma,11-12-2023,Rail,19775.54,0,None,None,2,0.78,184.71,0
O1774,S29,Pharma,22-01-2023,Sea,27317.17,0,None,None,16,0.76,481.9,0
O1775,S4,Electronics,14-12-2023,Rail,48419.26,0,None,None,18,0.64,334.88,0
O1776,S4,Pharma,12-10-2023,Rail,3794.95,1,Weather,High,13,0.76,299.39,1
O1777,S10,Machinery,26-09-2023,Rail,32591.74,2,Weather,Medium,7,0.92,367.41,1
O1778,S2,Food,15-09-2023,Rail,4168.22,3,Strike,Low,12,0.84,237.86,1
O1779,S29,Electronics,29-01-2023,Sea,19085.71,0,None,None,19,0.65,391.13,0
O1780,S20,Pharma,01-08-2023,Air,40288.82,0,None,None,2,0.6,226.95,0
O1781,S28,Electronics,10-10-2023,Road,21956.88,0,None,None,4,0.63,421.86,0
O1782,S25,Electronics,19-02-2023,Rail,49860.53,2,Shortage,Low,8,0.58,170.28,1
O1783,S27,Food,05-04-2023,Air,28173.43,1,Weather,Low,5,0.55,174.9,1
O1784,S26,Machinery,29-03-2023,Air,16397.53,0,None,None,1,0.71,285.07,0
O1785,S11,Electronics,13-02-2023,Sea,11395.51,0,None,None,12,0.56,243.84,0
O1786,S25,Pharma,05-10-2023,Air,17850.77,0,None,None,4,0.59,341.65,0
O1787,S12,Textiles,20-06-2023,Sea,18940.4,0,None,None,7,0.77,213.93,0
O1788,S29,Electronics,08-07-2023,Rail,3901.33,3,Shortage,Medium,0,0.58,153.75,1
O1789,S24,Electronics,19-12-2023,Rail,18793.92,0,None,None,19,0.53,261.41,0
O1790,S17,Food,03-07-2023,Road,23479.81,2,Shortage,Low,11,0.66,302.43,1
O1791,S19,Machinery,03-01-2023,Road,36275.52,7,Shortage,Low,10,0.61,114.17,1
O1792,S26,Textiles,10-07-2023,Road,33008.11,0,None,None,6,0.76,300.52,0
O1793,S7,Pharma,28-04-2023,Air,35583.9,0,None,None,14,0.55,193.67,0
O1794,S26,Textiles,19-01-2023,Rail,914,3,Shortage,High,10,0.88,226.6,1
O1795,S20,Pharma,23-01-2023,Sea,11274.54,0,None,None,15,0.95,175.69,0
O1796,S22,Machinery,30-01-2023,Road,33253.37,0,None,None,2,0.87,469.13,0
O1797,S3,Pharma,22-10-2023,Sea,24457.47,0,None,None,19,0.77,357.5,0
O1798,S22,Food,18-04-2023,Sea,763.02,3,Weather,High,13,0.93,168.11,1
O1799,S21,Food,08-10-2023,Road,40322.48,1,Strike,Low,2,0.85,340.26,1
O1800,S9,Food,08-05-2023,Rail,38754.07,3,Weather,Low,0,0.51,431.86,1
O1801,S16,Food,17-08-2023,Road,27646.75,1,Shortage,Medium,14,0.7,230.73,1
O1802,S15,Textiles,21-04-2023,Sea,3789.93,0,None,None,0,0.93,423.48,0
O1803,S2,Machinery,16-05-2023,Road,38442.49,3,Weather,High,16,0.67,119.49,1
O1804,S25,Pharma,28-12-2023,Sea,29393.82,0,None,None,1,0.52,420.25,0
O1805,S24,Pharma,05-07-2023,Sea,39207.02,2,Shortage,High,19,0.87,293.13,1
O1806,S11,Food,24-05-2023,Road,37711.48,5,Shortage,Medium,5,0.9,150.34,1
O1807,S28,Food,13-03-2023,Air,40248.6,0,None,None,7,0.58,233.21,0
O1808,S18,Electronics,09-05-2023,Road,26141.4,0,None,None,15,0.77,494.6,0
O1809,S16,Machinery,30-12-2023,Air,7446.06,0,None,None,18,0.6,402.6,0
O1810,S26,Textiles,18-09-2023,Sea,33722.29,1,Strike,Medium,0,0.86,308.79,1
O1811,S16,Pharma,03-01-2023,Sea,31213.45,0,None,None,2,0.64,101.82,0
O1812,S4,Electronics,14-04-2023,Air,37241.53,0,None,None,2,0.66,238.02,0
O1813,S29,Electronics,12-08-2023,Sea,8909.11,1,Shortage,Low,4,0.92,168.37,1
O1814,S3,Pharma,16-11-2023,Air,10151.27,10,Shortage,High,11,0.74,81.95,1
O1815,S19,Textiles,28-12-2023,Air,44575.27,0,None,None,11,0.83,293.99,0
O1816,S4,Electronics,20-12-2023,Sea,37623.9,5,Customs,Low,19,0.7,450.13,1
O1817,S2,Electronics,10-01-2023,Rail,45457.31,0,None,None,12,0.65,354.02,0
O1818,S10,Machinery,29-10-2023,Air,38056.41,0,None,None,19,0.81,162.36,0
O1819,S23,Textiles,19-08-2023,Road,30059.19,0,None,None,8,0.58,308.11,0
O1820,S1,Electronics,07-08-2023,Road,32879.57,3,Weather,High,6,0.69,474.46,1
O1821,S8,Textiles,07-03-2023,Sea,44511.83,3,Customs,Low,3,0.6,375.31,1
O1822,S26,Pharma,22-04-2023,Rail,29150.93,0,None,None,18,0.85,360.26,0
O1823,S24,Food,13-01-2023,Sea,31803.37,2,Weather,High,18,0.97,485.67,1
O1824,S24,Electronics,27-03-2023,Rail,8245.6,0,None,None,5,1,409.49,0
O1825,S12,Machinery,22-08-2023,Air,23959.1,0,None,None,12,0.73,111.48,0
O1826,S19,Pharma,31-03-2023,Air,35961.66,0,None,None,10,0.63,206.44,0
O1827,S13,Textiles,10-11-2023,Air,13911.66,0,None,None,12,0.72,484.31,0
O1828,S23,Pharma,23-02-2023,Air,10511.58,0,None,None,12,0.92,270.37,0
O1829,S12,Electronics,12-01-2023,Road,16034.43,1,Customs,Medium,19,0.6,100.24,1
O1830,S23,Textiles,28-07-2023,Road,12454.28,0,None,None,14,0.98,256.37,0
O1831,S18,Food,14-01-2023,Sea,11138.18,2,Strike,Medium,12,0.67,363.65,1
O1832,S6,Pharma,01-05-2023,Rail,21530.12,3,Shortage,Low,10,0.99,498.9,1
O1833,S30,Electronics,20-01-2023,Air,45438.01,0,None,None,18,0.92,195.76,0
O1834,S7,Machinery,16-03-2023,Air,25599.45,3,Weather,Medium,7,0.9,281.34,1
O1835,S5,Textiles,31-08-2023,Rail,9802.06,0,None,None,19,0.66,445.86,0
O1836,S27,Pharma,11-08-2023,Rail,4310.1,0,None,None,7,0.5,209.87,0
O1837,S19,Pharma,11-03-2023,Sea,34959.73,0,None,None,9,0.69,99.17,0
O1838,S11,Food,08-11-2023,Rail,19448.54,0,None,None,15,0.65,477.02,0
O1839,S3,Food,30-07-2023,Air,41180.63,2,Strike,Medium,18,0.52,269.8,1
O1840,S12,Machinery,11-04-2023,Air,33145.78,0,None,None,10,0.75,276.25,0
O1841,S14,Machinery,05-07-2023,Air,39913.95,2,Weather,Low,12,0.7,329.54,1
O1842,S24,Electronics,12-05-2023,Air,13961.33,0,None,None,8,0.82,51.59,0
O1843,S30,Electronics,21-04-2023,Air,34771.77,10,Weather,High,19,0.81,469.01,1
O1844,S13,Machinery,12-05-2023,Sea,13571.07,0,None,None,18,0.56,212.65,0
O1845,S24,Machinery,20-01-2023,Air,46983.89,0,None,None,15,0.99,228.62,0
O1846,S26,Textiles,24-01-2023,Sea,32000.53,2,Strike,Low,6,0.59,128.35,1
O1847,S14,Food,15-08-2023,Air,16563.33,3,Strike,Low,18,0.72,220.17,1
O1848,S20,Electronics,03-06-2023,Road,13840.84,0,None,None,11,0.74,411.77,0
O1849,S8,Food,20-10-2023,Road,9950.87,0,None,None,14,0.91,410,0
O1850,S4,Food,18-08-2023,Road,34884.73,10,Shortage,Low,13,0.55,471.11,1
O1851,S11,Machinery,06-11-2023,Road,11326.42,0,None,None,10,0.71,231.45,0
O1852,S20,Textiles,25-12-2023,Sea,29967.51,0,None,None,9,0.81,368.92,0
O1853,S17,Pharma,21-07-2023,Sea,13599.43,0,None,None,10,0.61,278.26,0
O1854,S4,Textiles,07-02-2023,Rail,33267.46,3,Strike,Medium,5,0.81,411.81,1
O1855,S30,Textiles,17-09-2023,Air,40839.52,5,Weather,High,1,0.96,370.64,1
O1856,S19,Food,07-07-2023,Road,39012.25,2,Shortage,Low,10,1,215.56,1
O1857,S30,Textiles,26-02-2023,Sea,38162.14,0,None,None,18,0.52,201.5,0
O1858,S25,Electronics,20-01-2023,Air,9792.26,10,Customs,High,5,0.62,163.6,1
O1859,S28,Food,30-09-2023,Air,4875.05,0,None,None,13,0.66,309.43,0
O1860,S7,Electronics,29-04-2023,Sea,35097.97,3,Weather,Medium,19,0.7,483.73,1
O1861,S7,Pharma,12-03-2023,Road,18733.19,0,None,None,5,0.62,140.03,0
O1862,S18,Food,04-01-2023,Rail,21901.14,2,Weather,Low,16,0.6,92.86,1
O1863,S27,Pharma,09-08-2023,Air,2041.88,3,Weather,High,9,0.98,103.73,1
O1864,S3,Food,14-01-2023,Rail,13349.03,0,None,None,0,0.96,402.39,0
O1865,S15,Machinery,03-01-2023,Road,2166.98,3,Customs,Medium,2,0.52,207.55,1
O1866,S12,Textiles,04-08-2023,Road,44019.7,1,Strike,Medium,7,0.67,150.97,1
O1867,S16,Machinery,17-08-2023,Rail,12548.14,1,Customs,Low,7,0.7,208.78,1
O1868,S5,Pharma,02-12-2023,Road,28088.19,0,None,None,19,0.62,340.4,0
O1869,S23,Textiles,05-07-2023,Air,2429.48,0,None,None,14,0.81,296.05,0
O1870,S9,Food,24-02-2023,Rail,33508.95,1,Weather,Low,6,0.82,384.62,1
O1871,S27,Textiles,11-09-2023,Road,16489.85,0,None,None,10,0.93,202.58,0
O1872,S22,Electronics,24-01-2023,Rail,44947,1,Customs,Low,6,0.87,253.41,1
O1873,S24,Textiles,11-06-2023,Air,44461.85,2,Shortage,Medium,3,0.77,95.89,1
O1874,S7,Electronics,07-06-2023,Road,16601.89,10,Weather,Medium,11,0.83,82.88,1
O1875,S9,Textiles,23-03-2023,Air,45097.56,0,None,None,5,0.64,258.01,0
O1876,S22,Electronics,08-06-2023,Road,49809.8,0,None,None,13,0.8,185.72,0
O1877,S25,Pharma,07-07-2023,Sea,41358.08,0,None,None,11,0.74,325.76,0
O1878,S24,Machinery,01-03-2023,Road,42321.13,0,None,None,10,0.57,69.35,0
O1879,S5,Food,01-11-2023,Rail,12825.93,0,None,None,18,0.62,104.79,0
O1880,S12,Textiles,15-11-2023,Road,29046.77,0,None,None,4,0.65,439.34,0
O1881,S14,Machinery,30-07-2023,Air,3829.17,0,None,None,13,0.96,304.84,0
O1882,S15,Food,01-06-2023,Air,5198.44,3,Strike,High,15,0.62,370.42,1
O1883,S13,Food,19-04-2023,Road,49945.18,0,None,None,12,0.64,428.89,0
O1884,S10,Electronics,17-03-2023,Rail,16668.64,10,Strike,Medium,19,0.68,258.73,1
O1885,S15,Pharma,30-01-2023,Sea,37535.1,10,Customs,Low,3,0.83,392.48,1
O1886,S27,Pharma,10-11-2023,Rail,40429.92,1,Strike,High,10,0.56,286.06,1
O1887,S14,Machinery,27-04-2023,Sea,42972.15,3,Shortage,Low,16,0.98,150.24,1
O1888,S8,Pharma,22-12-2023,Air,49882.6,3,Weather,Medium,6,0.93,201.95,1
O1889,S15,Textiles,11-07-2023,Rail,12454.08,1,Shortage,High,13,0.79,270.66,1
O1890,S10,Pharma,19-01-2023,Sea,2497.37,0,None,None,10,0.84,192.6,0
O1891,S4,Machinery,22-06-2023,Road,20853.98,0,None,None,8,0.51,200.99,0
O1892,S18,Pharma,16-08-2023,Air,6938.99,7,Weather,Low,12,0.67,201.83,1
O1893,S22,Textiles,16-12-2023,Road,1610.08,0,None,None,17,0.9,105.28,0
O1894,S6,Electronics,02-07-2023,Air,18341.13,0,None,None,10,0.54,88.09,0
O1895,S18,Machinery,23-04-2023,Rail,39295.04,0,None,None,14,0.64,70.92,0
O1896,S26,Electronics,02-07-2023,Rail,28525.94,2,Shortage,Low,18,0.79,99.93,1
O1897,S27,Electronics,26-05-2023,Air,15982.51,5,Customs,Low,0,0.63,204.67,1
O1898,S25,Electronics,15-11-2023,Air,32889.93,2,Strike,Medium,3,0.97,317.24,1
O1899,S1,Food,26-04-2023,Air,11984.9,1,Shortage,High,13,0.57,134.67,1
O1900,S28,Food,23-04-2023,Rail,1211.88,0,None,None,13,0.9,449.6,0
O1901,S9,Electronics,08-09-2023,Sea,38335.49,0,None,None,2,0.75,413.77,0
O1902,S7,Machinery,08-09-2023,Road,31375.28,0,None,None,16,0.88,284.24,0
O1903,S29,Textiles,30-10-2023,Road,38233.98,0,None,None,2,0.66,375.89,0
O1904,S9,Textiles,09-11-2023,Rail,2427.43,0,None,None,15,0.76,214.85,0
O1905,S27,Pharma,28-04-2023,Road,41937.42,0,None,None,13,0.93,66.55,0
O1906,S10,Machinery,28-10-2023,Air,31166.55,0,None,None,19,0.73,456.95,0
O1907,S6,Food,10-06-2023,Sea,28388.07,10,Strike,Medium,12,0.68,107.51,1
O1908,S10,Electronics,17-07-2023,Road,31418.4,0,None,None,14,0.77,476.57,0
O1909,S20,Pharma,17-09-2023,Sea,43289.45,0,None,None,13,0.86,307.35,0
O1910,S4,Textiles,28-05-2023,Air,29553.36,0,None,None,18,0.72,187.5,0
O1911,S10,Food,28-08-2023,Road,29257.04,0,None,None,5,0.97,272.99,0
O1912,S20,Food,16-02-2023,Rail,49538.62,10,Weather,Low,9,0.65,275.73,1
O1913,S27,Electronics,17-07-2023,Sea,37958.14,0,None,None,14,0.74,60.48,0
O1914,S12,Textiles,16-02-2023,Air,22393.54,0,None,None,19,0.88,209.96,0
O1915,S10,Machinery,19-03-2023,Sea,35516.15,1,Shortage,Low,5,0.84,382.94,1
O1916,S7,Food,04-05-2023,Road,19766.91,2,Customs,Medium,9,0.93,279.53,1
O1917,S22,Electronics,16-03-2023,Road,11829.34,7,Strike,Medium,6,1,159.9,1
O1918,S14,Machinery,25-12-2023,Rail,30044.17,0,None,None,16,0.71,200.8,0
O1919,S9,Textiles,17-05-2023,Air,46445.01,0,None,None,17,0.56,438.37,0
O1920,S14,Food,31-03-2023,Air,46492.41,0,None,None,16,0.52,286.5,0
O1921,S22,Machinery,21-11-2023,Rail,17424.31,3,Customs,Low,8,0.86,287.76,1
O1922,S17,Machinery,02-03-2023,Rail,26620.03,0,None,None,9,0.94,482.66,0
O1923,S29,Machinery,18-05-2023,Air,10975.98,0,None,None,9,0.61,194.4,0
O1924,S24,Food,19-02-2023,Sea,49783.74,0,None,None,6,0.58,265.79,0
O1925,S22,Food,16-09-2023,Sea,49065.34,5,Weather,High,15,0.53,415.27,1
O1926,S25,Pharma,17-04-2023,Rail,32650.69,0,None,None,17,0.91,391.51,0
O1927,S25,Textiles,23-04-2023,Sea,40318.5,0,None,None,5,0.66,169.61,0
O1928,S28,Electronics,16-12-2023,Air,35897.46,10,Strike,Low,19,0.7,117.99,1
O1929,S12,Machinery,11-09-2023,Road,29861.33,0,None,None,0,0.75,365.32,0
O1930,S9,Pharma,28-04-2023,Road,3140.73,3,Shortage,High,0,0.92,165.95,1
O1931,S7,Electronics,17-07-2023,Sea,23010.83,0,None,None,11,0.83,465.2,0
O1932,S23,Pharma,03-12-2023,Rail,33901.92,7,Strike,Low,1,0.81,108.16,1
O1933,S1,Food,31-12-2023,Rail,34037.81,0,None,None,3,0.59,193.24,0
O1934,S28,Machinery,20-02-2023,Rail,18969.57,5,Weather,Low,16,0.76,74.65,1
O1935,S4,Electronics,02-09-2023,Rail,47113.75,5,Shortage,High,3,0.86,366.49,1
O1936,S28,Electronics,04-02-2023,Rail,8784.17,2,Shortage,High,10,0.99,451.07,1
O1937,S6,Electronics,29-10-2023,Sea,25267.79,3,Customs,High,3,0.6,336.14,1
O1938,S20,Electronics,10-03-2023,Road,34698.76,10,Customs,Low,0,0.5,471.99,1
O1939,S9,Electronics,15-12-2023,Road,35008.22,1,Strike,Low,6,0.54,107.83,1
O1940,S13,Pharma,16-11-2023,Sea,32607.63,0,None,None,17,0.69,89.48,0
O1941,S9,Machinery,18-02-2023,Rail,14126.77,2,Strike,High,8,0.91,427.29,1
O1942,S1,Food,15-03-2023,Sea,8232.23,2,Strike,Low,2,0.5,434.98,1
O1943,S21,Food,11-07-2023,Road,31979.05,0,None,None,7,0.73,423.97,0
O1944,S9,Food,18-09-2023,Air,30165.45,0,None,None,18,0.66,409.53,0
O1945,S26,Food,22-12-2023,Sea,9378.12,0,None,None,3,0.53,213,0
O1946,S24,Pharma,11-03-2023,Rail,35404.39,1,Customs,Medium,17,0.73,147.86,1
O1947,S8,Textiles,31-03-2023,Road,23031.01,1,Customs,High,19,0.63,467.96,1
O1948,S19,Machinery,17-09-2023,Road,33554.15,0,None,None,10,0.68,188.15,0
O1949,S4,Electronics,06-05-2023,Road,41949.67,0,None,None,13,0.85,229.28,0
O1950,S12,Textiles,19-08-2023,Road,8901.56,2,Weather,Low,17,0.76,364.8,1
O1951,S5,Food,22-10-2023,Rail,1447.67,0,None,None,15,0.56,182.01,0
O1952,S27,Textiles,09-05-2023,Air,39065.58,10,Strike,Low,2,0.98,418.61,1
O1953,S27,Machinery,07-10-2023,Road,30680.02,1,Customs,High,14,0.82,81.52,1
O1954,S14,Electronics,09-11-2023,Sea,35132.16,0,None,None,3,0.88,406.03,0
O1955,S27,Electronics,10-04-2023,Air,41988.67,5,Strike,Medium,4,0.54,320.83,1
O1956,S1,Machinery,22-11-2023,Road,40239.14,5,Customs,Low,16,0.52,307.85,1
O1957,S22,Machinery,24-10-2023,Air,48065.55,0,None,None,6,0.51,256.27,0
O1958,S12,Food,01-07-2023,Sea,27028.79,0,None,None,15,0.59,174.67,0
O1959,S26,Electronics,23-06-2023,Road,24680.53,0,None,None,13,0.71,258.83,0
O1960,S14,Textiles,12-11-2023,Sea,20393.42,3,Weather,Low,15,0.97,252.51,1
O1961,S27,Pharma,30-12-2023,Rail,8107.71,3,Weather,Low,6,0.73,312.69,1
O1962,S24,Pharma,07-07-2023,Road,28844.06,0,None,None,8,0.65,176.71,0
O1963,S11,Machinery,26-02-2023,Road,14212.12,0,None,None,3,0.78,84.92,0
O1964,S21,Food,31-01-2023,Road,46104.72,1,Shortage,Low,10,0.56,115.29,1
O1965,S27,Pharma,25-03-2023,Road,29367.94,1,Strike,Low,1,0.8,364.63,1
O1966,S23,Electronics,01-06-2023,Rail,29845.59,0,None,None,11,0.78,60.12,0
O1967,S29,Machinery,05-02-2023,Road,18068.77,1,Shortage,Low,11,0.9,435.4,1
O1968,S25,Textiles,01-08-2023,Air,3073.47,5,Customs,Low,3,0.99,362.48,1
O1969,S20,Machinery,30-12-2023,Road,2071.32,10,Customs,Medium,17,0.63,395.64,1
O1970,S3,Textiles,16-04-2023,Rail,21455.09,5,Shortage,Low,6,0.75,426.19,1
O1971,S10,Machinery,08-12-2023,Road,4685.99,7,Shortage,Low,0,0.95,105.22,1
O1972,S5,Machinery,08-08-2023,Air,30538.92,1,Weather,Low,12,0.89,420.1,1
O1973,S19,Machinery,12-06-2023,Rail,44108.16,0,None,None,5,0.74,277.09,0
O1974,S21,Textiles,08-08-2023,Rail,44204.28,5,Strike,Low,5,0.97,448.49,1
O1975,S5,Textiles,27-09-2023,Air,33122.75,3,Customs,High,11,0.53,448.96,1
O1976,S16,Machinery,30-04-2023,Air,10955.98,0,None,None,7,0.97,60.88,0
O1977,S14,Pharma,02-12-2023,Air,43218.34,0,None,None,18,0.53,222.29,0
O1978,S22,Food,01-07-2023,Air,44361.63,0,None,None,4,0.77,286.88,0
O1979,S10,Food,16-04-2023,Air,10234.35,5,Shortage,Low,17,0.95,355.26,1
O1980,S20,Food,05-08-2023,Rail,37002.59,1,Strike,Low,4,0.63,178.78,1
O1981,S8,Textiles,24-07-2023,Rail,14682.72,2,Weather,Low,9,0.74,163.46,1
O1982,S26,Textiles,11-03-2023,Road,40230.7,10,Strike,Medium,0,0.66,221.57,1
O1983,S5,Pharma,13-02-2023,Road,49863.28,0,None,None,9,0.98,275.42,0
O1984,S24,Food,25-11-2023,Sea,1986.29,1,Shortage,Low,4,0.91,478.02,1
O1985,S19,Food,28-10-2023,Road,44919.61,3,Customs,Medium,11,0.85,392.95,1
O1986,S3,Machinery,16-08-2023,Road,31320.21,0,None,None,6,0.79,243.19,0
O1987,S22,Textiles,03-07-2023,Air,48682.44,5,Strike,High,8,0.91,74.46,1
O1988,S1,Food,17-04-2023,Air,23517.97,0,None,None,11,0.7,125.83,0
O1989,S10,Pharma,25-03-2023,Road,42445.7,7,Shortage,Medium,0,0.72,255.17,1
O1990,S14,Pharma,04-12-2023,Sea,3588.51,0,None,None,10,0.87,416.22,0
O1991,S5,Food,07-09-2023,Air,17096.31,0,None,None,14,0.68,221.31,0
O1992,S23,Textiles,29-12-2023,Road,3817.32,0,None,None,1,0.53,292.32,0
O1993,S15,Pharma,21-01-2023,Road,48779.49,0,None,None,19,0.54,451.31,0
O1994,S7,Machinery,15-07-2023,Rail,40940.21,10,Weather,High,6,0.56,461.21,1
O1995,S27,Pharma,27-06-2023,Sea,42701.1,1,Strike,Low,11,0.93,147.1,1
O1996,S2,Electronics,07-01-2023,Rail,46929.28,3,Customs,Medium,17,0.74,69.62,1
O1997,S24,Electronics,11-03-2023,Sea,4712.62,0,None,None,2,0.86,187.43,0
O1998,S26,Textiles,07-05-2023,Air,19587.08,0,None,None,6,0.7,363.11,0
O1999,S9,Food,09-06-2023,Sea,4016.23,0,None,None,10,0.63,478,0
